chr22:10711002:10744610:+	1
chr22:10932545:10959070:-	1
chr22:11034106:11064396:+	1
chr22:11139905:11141398:-	1
chr22:11844291:11874135:-	1
chr22:12106595:12110949:-	1
chr22:12110442:12190467:+	1
chr22:12371542:12390227:+	1
chr22:12545364:12549851:+	1
chr22:12598134:12598798:+	2
chr22:12620939:12624241:+	1
chr22:12624334:12625316:+	1
chr22:12806405:12878497:+	1
chr22:15244442:15249902:+	1
chr22:15399615:15404022:-	1
chr22:15489450:15549042:+	2
chr22:15498127:15518504:+	1
chr22:15574578:15598300:+	1
chr22:15587453:15594186:+	1
chr22:15615089:15713735:+	1
chr22:15627414:15627646:-	1
chr22:15830273:15830599:-	1
chr22:15967619:16026246:+	1
chr22:16067107:16072521:+	1
chr22:16067264:16093565:-	1
chr22:16118053:16138449:-	1
chr22:16387840:16390135:+	1
chr22:16450891:16467320:-	1
chr22:16451812:16454494:-	2
chr22:16454319:16515913:-	2
chr22:16480749:16481148:+	3
chr22:16508786:16537809:+	1
chr22:16533844:16558162:+	1
chr22:16657662:16778632:-	1
chr22:16663722:16709953:-	1
chr22:16703339:16761972:+	1
chr22:16757858:16799405:-	1
chr22:16846970:16942723:-	1
chr22:16921597:16933681:+	1
chr22:16961348:16975239:-	1
chr22:17075970:17132975:-	1
chr22:17078590:17089667:+	1
chr22:17082824:17096655:+	1
chr22:17123997:17157360:+	1
chr22:17171209:17230934:+	1
chr22:17173192:17188619:-	1
chr22:17182023:17182603:-	2
chr22:17183166:17210272:-	1
chr22:17188754:17227865:-	1
chr22:17200054:17251772:+	1
chr22:17200631:17238513:+	1
chr22:17202212:17245809:-	1
chr22:17208211:17273755:+	1
chr22:17208347:17241359:-	3
chr22:17244868:17284141:+	1
chr22:17249049:17259578:-	1
chr22:17249750:17327268:+	1
chr22:17276600:17279806:-	1
chr22:17296626:17303306:+	1
chr22:17308425:17343345:+	1
chr22:17308756:17335589:+	1
chr22:17316640:17325277:-	1
chr22:17326790:17335589:+	1
chr22:17328765:17346108:+	2
chr22:17383824:17409291:-	1
chr22:17471746:17517089:+	1
chr22:17471746:17532931:+	1
chr22:17481107:17537755:+	1
chr22:17481129:17495647:+	1
chr22:17493060:17499077:-	1
chr22:17497182:17535037:+	1
chr22:17503911:17537857:+	1
chr22:17517081:17609361:-	1
chr22:17517110:17568793:-	1
chr22:17519873:17533798:-	1
chr22:17532877:17609319:-	1
chr22:17557398:17565329:-	1
chr22:17565797:17572414:+	1
chr22:17573105:17609084:-	1
chr22:17574170:17599512:+	1
chr22:17578775:17661865:-	1
chr22:17595278:17603180:-	1
chr22:17630827:17642394:+	1
chr22:17644608:17737227:+	1
chr22:17651525:17669175:+	1
chr22:17652582:17685368:+	1
chr22:17659287:17662400:-	1
chr22:17662723:17736360:+	2
chr22:17676367:17723836:+	1
chr22:17697179:17710320:-	1
chr22:17698599:17723807:-	1
chr22:17710646:17713909:+	1
chr22:17710694:17720984:+	1
chr22:17720484:17986033:+	1
chr22:17754853:17809976:-	1
chr22:17756671:17762971:+	1
chr22:17759346:17760232:+	1
chr22:17763371:17771226:+	1
chr22:17798963:17843457:+	1
chr22:17839416:17862418:-	1
chr22:17876888:17877067:+	1
chr22:17887436:17889033:-	1
chr22:17895411:17896245:-	1
chr22:17897359:17937598:+	1
chr22:17901529:17909383:+	1
chr22:17908543:17958804:+	1
chr22:17935783:18014488:-	1
chr22:17937451:17948996:+	1
chr22:17943395:17950567:-	1
chr22:17948817:18007826:+	1
chr22:17959293:17978796:+	1
chr22:17970945:18067052:+	1
chr22:17978797:18049409:+	1
chr22:17988711:18045839:-	2
chr22:18014868:18018596:-	1
chr22:18047894:18051803:-	1
chr22:18052920:18052969:+	1
chr22:18052945:18053102:+	1
chr22:18053044:18053203:-	1
chr22:18057524:18061956:-	2
chr22:18064382:18097818:+	1
chr22:18089856:18104354:-	1
chr22:18091402:18150734:+	2
chr22:18093278:18093587:-	1
chr22:18102871:18137413:+	1
chr22:18153568:18160912:+	1
chr22:18157821:18160171:+	1
chr22:18396704:18415864:+	1
chr22:18503563:18509611:-	1
chr22:18505362:18542249:-	1
chr22:18509047:18570234:-	1
chr22:18524961:18531291:+	1
chr22:18558614:18616572:+	1
chr22:18844128:18850689:-	1
chr22:18894595:18924274:+	1
chr22:18987491:19066275:-	1
chr22:18987552:19051124:+	1
chr22:19007764:19077001:+	1
chr22:19021084:19021547:+	1
chr22:19066752:19260513:-	1
chr22:19099487:19108339:+	1
chr22:19099500:19154157:-	1
chr22:19105198:19112147:-	1
chr22:19107526:19112163:-	1
chr22:19152418:19247703:+	1
chr22:19156874:19250648:+	1
chr22:19161396:19217751:+	1
chr22:19176694:19176845:-	1
chr22:19188864:19190206:-	1
chr22:19206654:19256239:-	1
chr22:19230491:19249262:+	1
chr22:19253757:19255084:+	1
chr22:19268824:19280547:+	1
chr22:19271876:19284429:+	1
chr22:19310339:19317529:-	1
chr22:19316481:19317606:-	1
chr22:19326956:19334657:+	1
chr22:19329198:19393500:+	1
chr22:19339422:19369718:+	1
chr22:19361932:19375630:-	1
chr22:19362704:19370386:+	1
chr22:19374370:19439633:-	1
chr22:19383706:19385520:-	1
chr22:19394510:19396786:-	1
chr22:19425947:19476943:+	1
chr22:19437803:19532188:-	1
chr22:19450745:19454748:-	2
chr22:19456635:19456852:-	1
chr22:19456919:19458070:-	1
chr22:19458140:19465201:-	1
chr22:19466689:19506792:+	1
chr22:19486820:19490517:+	1
chr22:19518910:19520480:+	2
chr22:19530288:19547926:+	1
chr22:19547640:19561694:+	1
chr22:19564791:19587510:+	1
chr22:19582261:19583234:-	1
chr22:19586518:19652490:+	1
chr22:19614226:19624943:+	1
chr22:19640604:19860417:-	1
chr22:19659426:19703622:+	1
chr22:19670607:19676904:+	1
chr22:19877235:19878089:-	1
chr22:19931766:19945928:+	1
chr22:19940017:20023954:+	1
chr22:19962816:19963565:+	1
chr22:19963760:19964167:+	1
chr22:20001607:20042566:-	1
chr22:20014158:20041723:+	1
chr22:20025342:20030593:-	1
chr22:20030442:20065437:+	1
chr22:20039504:20093279:-	1
chr22:20067355:20069406:+	1
chr22:20087322:20089668:+	1
chr22:20113809:20114573:-	1
chr22:20296321:20301484:+	2
chr22:20323969:20362803:+	1
chr22:20329586:20334866:+	1
chr22:20335215:20409907:-	1
chr22:20415008:20619273:-	2
chr22:20419905:20445695:-	1
chr22:20426788:20427536:+	1
chr22:20430558:20430689:-	1
chr22:20431538:20431744:-	1
chr22:20468803:20492732:+	1
chr22:20476557:20512884:+	2
chr22:20513174:20543312:+	1
chr22:20515738:20553822:+	1
chr22:20525799:20539226:+	1
chr22:20527893:20561455:+	1
chr22:20535194:20536111:+	1
chr22:20543355:20962649:+	2
chr22:20553175:20554935:+	1
chr22:20583394:20584358:+	1
chr22:20584426:20584854:+	1
chr22:20601327:20617901:+	2
chr22:20614131:20617162:+	1
chr22:20619579:20619985:+	1
chr22:20624841:20628164:-	1
chr22:20643452:20681066:+	1
chr22:20682082:20700464:-	1
chr22:20687067:20743823:+	2
chr22:20688544:20730800:-	1
chr22:20695951:20737733:+	1
chr22:20722269:20730356:-	1
chr22:20730366:20738164:-	1
chr22:20731699:20806438:+	1
chr22:20756331:20801134:-	1
chr22:20769544:20771297:-	1
chr22:20799767:20801972:-	1
chr22:20800979:20861525:-	1
chr22:20808468:20811887:-	1
chr22:20810247:20841955:-	1
chr22:20817638:20874477:+	1
chr22:20821687:20823008:+	1
chr22:20839127:20848141:+	1
chr22:20860261:20909803:+	1
chr22:20879194:20915278:-	1
chr22:20897149:20955093:+	1
chr22:20900714:20914237:+	1
chr22:20901014:20910995:+	1
chr22:20933503:20959413:-	1
chr22:20934245:20949710:+	1
chr22:20970401:21007289:-	1
chr22:21036160:21041910:+	1
chr22:21039089:21079956:-	1
chr22:21039531:21082011:-	2
chr22:21081609:21128371:+	1
chr22:21082053:21092081:+	1
chr22:21104631:21107053:-	1
chr22:21105019:21134045:-	1
chr22:21135120:21224576:-	1
chr22:21390442:21425683:+	1
chr22:21391704:21410662:+	1
chr22:21405107:21426714:-	1
chr22:21406711:21411825:-	1
chr22:21406740:21453721:+	1
chr22:21413178:21459747:+	1
chr22:21452923:21507326:+	1
chr22:21504222:21509941:+	1
chr22:21536515:21590356:-	1
chr22:21537507:21540736:+	1
chr22:21543116:21584407:-	1
chr22:21543815:21600599:+	1
chr22:21556693:21560681:-	1
chr22:21559300:21862613:+	1
chr22:21584321:21605360:+	2
chr22:21596723:21644700:+	1
chr22:21611044:21621514:+	1
chr22:21615091:21615490:+	1
chr22:21637740:21650606:-	1
chr22:21659743:21662568:+	1
chr22:21670612:21670996:+	1
chr22:21677435:21724411:-	1
chr22:21678494:21679024:+	1
chr22:21688192:21729475:-	1
chr22:21706371:21715429:+	1
chr22:21752006:21876382:-	1
chr22:21758054:21845083:+	1
chr22:21767104:21814596:+	1
chr22:21772983:21788256:-	1
chr22:21781662:21801454:-	1
chr22:21782387:21808769:-	1
chr22:21822157:21891650:-	2
chr22:21839560:21871056:-	1
chr22:21845523:21863559:-	1
chr22:21859285:21873676:+	1
chr22:21887708:21914272:-	1
chr22:21931640:21950750:+	1
chr22:21940332:21977034:+	1
chr22:21965376:21967602:-	1
chr22:21967717:21968618:-	1
chr22:21972719:21974356:-	1
chr22:21983779:22028900:+	1
chr22:22007200:22028399:-	1
chr22:22104233:22144533:+	1
chr22:22104379:22109325:+	1
chr22:22153354:22209283:+	1
chr22:22166388:22188763:+	1
chr22:22226251:22237070:-	1
chr22:22250431:22259666:-	1
chr22:22252398:22260925:-	1
chr22:22462159:22474151:+	1
chr22:22471263:22472684:-	1
chr22:22478041:22483498:-	1
chr22:22483562:22491617:-	1
chr22:22541730:22596908:+	1
chr22:22541730:22544746:+	1
chr22:22877282:22972929:+	1
chr22:22893819:22895374:+	6
chr22:22901239:22906604:+	2
chr22:22905026:22906341:+	4
chr22:22915876:22919801:+	19
chr22:22921436:22922593:+	1
chr22:23130196:23143165:-	1
chr22:23171625:23178198:-	1
chr22:23209703:23259675:-	1
chr22:23224669:23274694:+	1
chr22:23261677:23546294:-	1
chr22:23297344:23299124:+	1
chr22:23390759:23445977:+	1
chr22:23420755:23589325:-	1
chr22:23426306:23428289:-	1
chr22:23489818:23520504:+	1
chr22:23491672:23586625:-	1
chr22:23528049:23563177:-	1
chr22:23561120:23561266:-	1
chr22:23581853:23582809:-	1
chr22:23632699:23634723:+	1
chr22:23646063:23652192:-	1
chr22:23731009:23737458:-	1
chr22:23731022:23751984:+	1
chr22:23734152:23808263:+	1
chr22:23770820:23821636:+	1
chr22:23770898:23843989:+	1
chr22:23791895:23793558:+	1
chr22:23806795:23820446:-	1
chr22:23837855:23838351:-	1
chr22:23871135:23885426:+	1
chr22:23888174:23923733:-	2
chr22:23894583:23894771:+	3
chr22:23894945:23895039:+	1
chr22:23920401:23923849:+	1
chr22:23936846:23937323:-	1
chr22:23973944:23974306:-	1
chr22:24015725:24032845:+	1
chr22:24038462:24041138:+	1
chr22:24056361:24059226:+	1
chr22:24059364:24059923:+	4
chr22:24093320:24093782:+	1
chr22:24173705:24203450:+	1
chr22:24210133:24219230:+	1
chr22:24213952:24217799:+	1
chr22:24218368:24223012:-	1
chr22:24220117:24224995:-	1
chr22:24222109:24242526:+	1
chr22:24223261:24320134:+	1
chr22:24229282:24234694:-	1
chr22:24285823:24313920:+	1
chr22:24314285:24340020:+	1
chr22:24334290:24363504:+	1
chr22:24340378:24389345:-	1
chr22:24366487:24386897:-	1
chr22:24409935:24461500:+	1
chr22:24470710:24541414:+	1
chr22:24510015:24517946:-	1
chr22:24567529:24597456:-	1
chr22:24597604:24636293:-	2
chr22:24639666:24669762:-	1
chr22:24655677:24683212:-	1
chr22:24710039:24739819:+	2
chr22:24722500:24770609:+	1
chr22:24726371:24768342:-	1
chr22:24766555:24778499:-	1
chr22:24769386:24778921:+	1
chr22:24770605:24777098:-	1
chr22:24774548:24777056:-	1
chr22:24786482:24801431:+	1
chr22:24788412:24791266:+	1
chr22:24788924:24860758:+	1
chr22:24818511:24889792:+	1
chr22:24822234:24856911:+	1
chr22:24840395:24849322:+	1
chr22:24841044:24889842:+	1
chr22:24869379:24904297:+	1
chr22:24880960:24892817:+	1
chr22:24884199:24886599:+	1
chr22:24884497:24886116:-	1
chr22:24890623:24918813:-	1
chr22:24894186:24911836:-	1
chr22:24897162:24903753:-	1
chr22:24898768:24910393:-	1
chr22:24903831:24943161:+	1
chr22:24910732:24933652:+	1
chr22:24922413:24980502:-	1
chr22:24959878:24965480:-	1
chr22:24959997:24960404:+	1
chr22:24978921:24980982:+	1
chr22:25011781:25047615:+	1
chr22:25032697:25038759:+	1
chr22:25033689:25034290:-	1
chr22:25034177:25055986:-	2
chr22:25034301:25116192:-	1
chr22:25045704:25055969:-	1
chr22:25047233:25109191:-	2
chr22:25047561:25065727:-	1
chr22:25052064:25065721:-	2
chr22:25073211:25073836:+	1
chr22:25099738:25152690:-	1
chr22:25110684:25111605:-	1
chr22:25141465:25158053:-	1
chr22:25170939:25174239:+	1
chr22:25186504:25249570:+	1
chr22:25189409:25226909:+	1
chr22:25191299:25233005:+	1
chr22:25306865:25334566:+	1
chr22:25359168:25414277:-	1
chr22:25370870:25379369:-	1
chr22:25371844:25376167:-	1
chr22:25399228:25429109:+	1
chr22:25400379:25502609:-	1
chr22:25424909:25442702:-	1
chr22:25435974:25499273:-	1
chr22:25440845:25499273:-	1
chr22:25450704:25469651:+	1
chr22:25609524:25617964:+	1
chr22:25688022:25761908:+	1
chr22:25692246:25699975:+	1
chr22:25692246:25709314:+	1
chr22:25703577:25704108:+	1
chr22:25704647:25708897:+	1
chr22:25778623:25794209:+	1
chr22:25802780:25847946:-	1
chr22:26310276:26329207:-	1
chr22:26505992:26529407:+	1
chr22:26530880:26566622:+	1
chr22:26578966:26635894:-	1
chr22:26649903:26742830:-	1
chr22:26666938:26667184:+	1
chr22:26667311:26668157:+	1
chr22:26719762:26742774:-	1
chr22:26729374:26744183:+	1
chr22:26738241:26774155:+	1
chr22:26756368:26850626:+	1
chr22:26907713:26915753:+	1
chr22:26907713:26917434:+	1
chr22:27340780:27393129:+	1
chr22:27367095:27383821:+	1
chr22:27684129:27760131:-	1
chr22:27730730:27813315:+	1
chr22:27742345:27745097:+	1
chr22:27751097:27796762:-	1
chr22:27783249:27822075:-	1
chr22:27812272:27818003:+	1
chr22:27849359:27880753:+	2
chr22:27896627:27897129:-	1
chr22:27897138:27897800:-	1
chr22:27939201:27979386:+	1
chr22:28030367:28094079:-	1
chr22:28039124:28042183:+	2
chr22:28060816:28060878:-	1
chr22:28089449:28089898:+	1
chr22:28134655:28165133:+	1
chr22:28288147:28313524:-	1
chr22:28289766:28301787:-	1
chr22:28289899:28347747:-	1
chr22:28357503:28384279:+	1
chr22:28371570:28395457:-	1
chr22:28508404:28527755:-	1
chr22:28511087:28533487:+	1
chr22:28554807:28556294:+	2
chr22:28604484:28646604:-	1
chr22:28633062:28695438:-	1
chr22:28644335:28648159:+	1
chr22:28685503:28706175:-	1
chr22:28690983:28739055:+	1
chr22:28698272:28706175:-	1
chr22:28702176:28714482:+	1
chr22:28718786:28754573:+	1
chr22:28725784:28731470:-	1
chr22:28739038:28753294:+	1
chr22:28762194:28828493:-	1
chr22:28767708:28820359:+	2
chr22:28770816:28771997:-	1
chr22:28795733:28796046:-	1
chr22:28797206:28799056:-	1
chr22:28798404:28868915:+	2
chr22:28798452:28807621:+	2
chr22:28798587:28860922:+	1
chr22:28799154:28800297:-	2
chr22:28803301:28805103:+	1
chr22:28805047:28805364:+	1
chr22:28807709:28896494:-	1
chr22:28836314:28839818:+	1
chr22:28864038:28927023:+	1
chr22:28881674:28919688:+	2
chr22:28890993:28909682:+	1
chr22:28893641:28899832:+	1
chr22:28902080:28949122:+	1
chr22:28914689:28967799:-	1
chr22:28916275:28971918:+	1
chr22:28954758:28955183:+	1
chr22:28967734:29039753:-	1
chr22:28971850:28994329:+	1
chr22:28991212:28997933:+	1
chr22:29015574:29015919:+	1
chr22:29015800:29076632:-	1
chr22:29021583:29057888:+	1
chr22:29065086:29068320:-	1
chr22:29104817:29160462:-	1
chr22:29148733:29210513:+	2
chr22:29184023:29247060:-	1
chr22:29192116:29278869:-	1
chr22:29193994:29239408:+	1
chr22:29215040:29215526:+	1
chr22:29230269:29334000:+	1
chr22:29241536:29317831:-	1
chr22:29242054:29262849:+	1
chr22:29248728:29296935:+	1
chr22:29249432:29250725:-	1
chr22:29249774:29250725:-	1
chr22:29278217:29286922:+	1
chr22:29296369:29297826:+	3
chr22:29298896:29299233:+	1
chr22:29299332:29299598:+	1
chr22:29331917:29334264:-	1
chr22:29361937:29446323:+	1
chr22:29370324:29384738:+	1
chr22:29375297:29450945:+	1
chr22:29378297:29649320:-	2
chr22:29394046:29394577:+	1
chr22:29422386:29449156:-	1
chr22:29440808:29455918:-	1
chr22:29449132:29462245:-	1
chr22:29453421:29453728:+	1
chr22:29465142:29500727:-	1
chr22:29499483:29515721:-	1
chr22:29504596:29513260:+	1
chr22:29515185:29593060:+	1
chr22:29519121:29520007:-	2
chr22:29538065:29560329:-	1
chr22:29538898:29542550:+	1
chr22:29539477:29542858:-	1
chr22:29561203:29561505:-	1
chr22:29566728:29596102:+	1
chr22:29573698:29679795:+	1
chr22:29576114:29593555:+	1
chr22:29586662:29608572:+	1
chr22:29608374:29617023:+	1
chr22:29614035:29619672:+	1
chr22:29617207:29652580:+	1
chr22:29628184:29676186:+	1
chr22:29674942:29678195:+	1
chr22:29697048:29699657:-	1
chr22:29708275:29760104:+	2
chr22:29756835:29771442:+	1
chr22:29765245:29772944:-	1
chr22:29767549:29769677:+	1
chr22:29772906:29773796:+	2
chr22:29774586:29829660:-	1
chr22:29775370:29781901:+	1
chr22:29793981:29797847:-	1
chr22:29803187:29823782:+	1
chr22:29807768:29821857:+	1
chr22:29826459:29853840:+	1
chr22:29826534:29847290:-	1
chr22:29897220:29902509:+	1
chr22:29933849:29935895:+	1
chr22:29940037:29940171:+	1
chr22:29956492:29983881:-	1
chr22:29977887:29999755:-	1
chr22:29996068:29998546:+	1
chr22:30001099:30069159:-	1
chr22:30018973:30084914:+	1
chr22:30022698:30025629:+	1
chr22:30029341:30060364:-	2
chr22:30032855:30125356:+	1
chr22:30039440:30051485:-	1
chr22:30052797:30055504:+	1
chr22:30055871:30078509:+	3
chr22:30068720:30103804:+	1
chr22:30068720:30092019:+	1
chr22:30102908:30110663:+	1
chr22:30148745:30227234:-	2
chr22:30234298:30255556:+	1
chr22:30255213:30270542:+	1
chr22:30313650:30407817:-	1
chr22:30338313:30351153:-	1
chr22:30340813:30341691:-	1
chr22:30346520:30352950:-	1
chr22:30439621:30440769:-	1
chr22:30440715:30442133:+	1
chr22:30440880:30442303:+	1
chr22:30441852:30442222:-	2
chr22:30442889:30447381:+	1
chr22:30442960:30500147:+	1
chr22:30509747:30531646:-	1
chr22:30528370:30625576:-	1
chr22:30563039:30568998:-	1
chr22:30578999:30579136:-	1
chr22:30581409:30581527:-	1
chr22:30584718:30587285:-	1
chr22:30588585:30604439:-	2
chr22:30594302:30600598:-	2
chr22:30599682:30600598:-	1
chr22:30625586:30656234:-	1
chr22:30629537:30638657:-	1
chr22:30650187:30681658:-	1
chr22:30653454:30739556:-	1
chr22:30686240:30692837:+	1
chr22:30703317:30737158:+	1
chr22:30714760:30784915:+	1
chr22:30725395:30792199:-	1
chr22:30763576:30775550:+	1
chr22:30772875:30854390:-	1
chr22:30773198:30775891:+	1
chr22:30791558:30794495:-	1
chr22:30814033:30846381:-	1
chr22:30858738:30866595:+	2
chr22:30895861:30920229:-	1
chr22:30913211:30914539:+	1
chr22:30933031:30933465:-	1
chr22:30938713:31029740:+	1
chr22:30983598:31045000:+	1
chr22:30987784:31006734:-	2
chr22:30991858:30992454:+	1
chr22:31008281:31009613:+	1
chr22:31023943:31025038:+	1
chr22:31025051:31038022:+	1
chr22:31027146:31027673:+	2
chr22:31030478:31061970:-	1
chr22:31035630:31042652:-	1
chr22:31088607:31088698:+	1
chr22:31099897:31100884:+	1
chr22:31105129:31105207:-	1
chr22:31105966:31107376:-	1
chr22:31108868:31190381:+	1
chr22:31111339:31157777:+	1
chr22:31115467:31116645:+	1
chr22:31116310:31116645:+	1
chr22:31174810:31189000:-	1
chr22:31188861:31198834:-	1
chr22:31195145:31198590:+	1
chr22:31226262:31274459:+	1
chr22:31236484:31254698:-	1
chr22:31265117:31269696:-	1
chr22:31266133:31266983:+	1
chr22:31283719:31298716:-	1
chr22:31307833:31310793:-	1
chr22:31318290:31354477:-	1
chr22:31324767:31482045:-	1
chr22:31330439:31401925:-	3
chr22:31360804:31361463:-	1
chr22:31366687:31374185:+	1
chr22:31370871:31379960:+	1
chr22:31372065:31379050:-	1
chr22:31386368:31387664:+	1
chr22:31395322:31478586:+	1
chr22:31397697:31451506:-	1
chr22:31406598:31408048:-	1
chr22:31411082:31420255:+	1
chr22:31463968:31468174:-	2
chr22:31472547:31510711:+	1
chr22:31494543:31512918:-	2
chr22:31515820:31590586:-	1
chr22:31515973:31522809:-	1
chr22:31517526:31556499:+	1
chr22:31521846:31560783:-	1
chr22:31531130:31546860:+	1
chr22:31543203:31546699:-	1
chr22:31544685:31588742:+	1
chr22:31546215:31581189:+	2
chr22:31550027:31566188:+	1
chr22:31554452:31562776:+	2
chr22:31564097:31574825:+	1
chr22:31569775:31643735:-	1
chr22:31571456:31579102:+	1
chr22:31580365:31583874:+	1
chr22:31626017:31630803:-	1
chr22:31634761:31670051:-	1
chr22:31640976:31644327:-	1
chr22:31642885:31665908:-	1
chr22:31655459:31686711:+	1
chr22:31655459:31762957:+	1
chr22:31656067:31668706:+	1
chr22:31660971:31690420:+	1
chr22:31673910:31722660:-	1
chr22:31674567:31763149:-	1
chr22:31679703:31698112:-	1
chr22:31687497:31703093:+	2
chr22:31694827:31720472:-	1
chr22:31709684:31798063:+	1
chr22:31726516:31799748:-	1
chr22:31746940:31777403:+	1
chr22:31756016:31759075:+	1
chr22:31775827:31823316:+	1
chr22:31782159:31868448:+	1
chr22:31796792:31799577:+	1
chr22:31798657:31802703:+	1
chr22:31800037:31804675:+	1
chr22:31804916:31806121:+	1
chr22:31819226:31821501:+	1
chr22:31831540:31859473:-	1
chr22:31845238:31846833:+	1
chr22:31862021:31928494:-	1
chr22:31874008:31899606:+	1
chr22:31885600:31909773:-	1
chr22:31885623:31913488:+	1
chr22:31894768:31959988:-	1
chr22:31894924:31905394:-	1
chr22:31909937:31968524:-	1
chr22:31910871:31915044:+	1
chr22:31919679:31921920:-	1
chr22:31976681:31985422:-	1
chr22:31981798:31997287:+	1
chr22:32001083:32001960:-	1
chr22:32002561:32036663:-	3
chr22:32009676:32051507:-	1
chr22:32031181:32058316:+	1
chr22:32050015:32066934:+	1
chr22:32086328:32091611:+	1
chr22:32088583:32114528:-	1
chr22:32126814:32193721:+	1
chr22:32216310:32288127:+	1
chr22:32223202:32265665:-	1
chr22:32244775:32349217:-	1
chr22:32254012:32291409:-	1
chr22:32371198:32379539:-	1
chr22:32380862:32413735:-	1
chr22:32394003:32395025:-	1
chr22:32396250:32397940:-	1
chr22:32399760:32401746:-	1
chr22:32479650:32516052:-	1
chr22:32493282:32495492:+	1
chr22:32526659:32549396:+	1
chr22:32599436:32650380:-	1
chr22:32906557:33092519:+	1
chr22:32965949:33029437:-	1
chr22:33008739:33034010:-	1
chr22:33010002:33085044:+	1
chr22:33050269:33053209:+	1
chr22:33124074:33201095:+	1
chr22:33161003:33178883:-	1
chr22:33226962:33244227:-	1
chr22:33230107:33331502:+	1
chr22:33257135:33267170:+	1
chr22:33269860:33318090:+	1
chr22:33277256:33283201:-	1
chr22:33290826:33361001:+	1
chr22:33291862:33334181:+	1
chr22:33332396:33349054:+	1
chr22:33360083:33450370:+	1
chr22:33373804:33387255:-	1
chr22:33393801:33394255:+	1
chr22:33399803:33403852:-	1
chr22:33413553:33445737:-	1
chr22:33413743:33426023:+	1
chr22:33453290:33498846:-	1
chr22:33485055:33509593:+	1
chr22:33495692:33534376:-	1
chr22:33524227:33572805:+	1
chr22:33531259:33539691:+	1
chr22:33535313:33600833:+	1
chr22:33537804:33545669:-	1
chr22:33541013:33547668:-	1
chr22:33568689:33573361:-	1
chr22:33751263:33809053:-	1
chr22:33753095:33772207:-	1
chr22:33772223:33777392:-	1
chr22:33806933:33877844:-	1
chr22:33900983:33934655:+	1
chr22:33905318:33913657:-	1
chr22:33912962:33926180:-	2
chr22:33988422:34018936:+	1
chr22:34004585:34007466:+	1
chr22:34145755:34151392:+	1
chr22:34181658:34202890:-	1
chr22:34217711:34266017:+	1
chr22:34364281:34433951:+	1
chr22:34431222:34437052:+	1
chr22:34525288:34541068:-	1
chr22:34625873:34626402:-	1
chr22:34644700:34649519:-	1
chr22:34751870:34785736:-	1
chr22:34843277:34845151:-	1
chr22:34933986:34938856:+	1
chr22:34962591:35020125:-	1
chr22:34998715:35042367:+	1
chr22:35170166:35171980:+	1
chr22:35208943:35252001:+	1
chr22:35208943:35310339:+	2
chr22:35216731:35223238:+	1
chr22:35223311:35286708:+	1
chr22:35249308:35256749:-	1
chr22:35252991:35272792:+	1
chr22:35263227:35263795:+	2
chr22:35268795:35310398:-	1
chr22:35297718:35355689:-	1
chr22:35302464:35308411:+	1
chr22:35352154:35360726:-	2
chr22:35359097:35361871:-	1
chr22:35359158:35418595:+	1
chr22:35413987:35415828:+	1
chr22:35421461:35423213:+	2
chr22:35465868:35469016:-	1
chr22:35476157:35496056:+	1
chr22:35490903:35497186:-	1
chr22:35501382:35584228:+	5
chr22:35612409:35686749:+	1
chr22:35639170:35644690:-	2
chr22:35648624:35656378:+	1
chr22:35656476:35658614:+	2
chr22:35717279:35763436:-	1
chr22:35778079:35781599:-	1
chr22:35821519:35899040:-	1
chr22:35822938:35902758:-	1
chr22:35826265:35832295:-	1
chr22:35891366:35909074:-	1
chr22:35899070:35931726:+	1
chr22:35996522:36004415:-	1
chr22:36026141:36039041:-	1
chr22:36042871:36062578:-	1
chr22:36047074:36070239:-	1
chr22:36052131:36098911:-	1
chr22:36058025:36072918:+	1
chr22:36070561:36074383:-	1
chr22:36080896:36088292:-	1
chr22:36081707:36106690:-	1
chr22:36081736:36086736:+	1
chr22:36112446:36124694:+	1
chr22:36114036:36118400:-	1
chr22:36167484:36169694:-	1
chr22:36178906:36242099:+	1
chr22:36250601:36269012:+	1
chr22:36255000:36257082:+	1
chr22:36257137:36257318:+	4
chr22:36265089:36319039:+	2
chr22:36284266:36284402:-	2
chr22:36285330:36285657:-	5
chr22:36285782:36285864:-	4
chr22:36285954:36286717:-	1
chr22:36286847:36288251:-	2
chr22:36288414:36288726:-	2
chr22:36288940:36289084:-	1
chr22:36289298:36291985:-	2
chr22:36295077:36295504:-	2
chr22:36295718:36296842:-	2
chr22:36297015:36298918:-	3
chr22:36299043:36300126:-	1
chr22:36300265:36300850:-	5
chr22:36304156:36305032:-	1
chr22:36312223:36314144:-	1
chr22:36316126:36321040:-	1
chr22:36316670:36318206:-	1
chr22:36318326:36319539:-	2
chr22:36319636:36320219:-	2
chr22:36320364:36320797:-	1
chr22:36326662:36327460:-	4
chr22:36327489:36341369:-	1
chr22:36341527:36348903:-	5
chr22:36349256:36387806:-	1
chr22:36349470:36360453:-	1
chr22:36356388:36356799:-	1
chr22:36361877:36381321:-	1
chr22:36384130:36441954:+	1
chr22:36408592:36416786:+	1
chr22:36421303:36425965:+	1
chr22:36422102:36429302:-	1
chr22:36436705:36444331:-	1
chr22:36457373:36460918:+	1
chr22:36460119:36462941:+	1
chr22:36461068:36478072:+	1
chr22:36463334:36530559:+	1
chr22:36467918:36476732:-	1
chr22:36478828:36510266:+	1
chr22:36502092:36508959:-	1
chr22:36511787:36512459:-	1
chr22:36512603:36516477:-	2
chr22:36516791:36517300:-	2
chr22:36520689:36523208:-	1
chr22:36568536:36600380:+	1
chr22:36597111:36623108:-	1
chr22:36692933:36695002:+	1
chr22:36742417:36749270:+	2
chr22:36785390:36801586:+	1
chr22:36975335:36980021:-	1
chr22:36994407:37004775:-	1
chr22:37028646:37039108:+	1
chr22:37042869:37093638:+	1
chr22:37047679:37050030:-	1
chr22:37215468:37217785:-	1
chr22:37238489:37254369:-	2
chr22:37294725:37295998:+	1
chr22:37322095:37326000:-	1
chr22:37323248:37333443:-	1
chr22:37382582:37442001:-	1
chr22:37465032:37558213:+	1
chr22:37507200:37555873:-	1
chr22:37515345:37520419:-	1
chr22:37529565:37588572:+	1
chr22:37544564:37565346:-	1
chr22:37550422:37587714:-	1
chr22:37560589:37566071:+	1
chr22:37587603:37689790:+	1
chr22:37600417:37604939:-	1
chr22:37643175:37643643:+	2
chr22:37644961:37645364:+	1
chr22:37700392:37703753:-	1
chr22:37700421:37703138:+	1
chr22:37711319:37758414:-	1
chr22:37715486:37721000:+	1
chr22:37770373:37777042:-	1
chr22:37770842:37813924:-	1
chr22:37788899:37792369:-	1
chr22:37792524:37841461:+	2
chr22:37794116:37866660:-	1
chr22:37845805:37856779:+	1
chr22:37852040:37922873:+	1
chr22:37855645:37858678:+	2
chr22:37858741:37862968:+	1
chr22:37859615:37874975:-	2
chr22:37867181:37890635:+	1
chr22:37870348:37874369:+	3
chr22:37871032:37950809:+	1
chr22:37883226:37951141:+	1
chr22:37900160:37938596:+	1
chr22:37902486:37903911:+	2
chr22:37909212:37938771:-	1
chr22:37909290:37914111:+	1
chr22:37909299:37994750:-	1
chr22:37914853:37935144:+	1
chr22:37919815:37920745:-	1
chr22:37928169:37962818:+	1
chr22:37946044:37950997:+	1
chr22:37960351:38010711:+	1
chr22:38002081:38013376:-	1
chr22:38010731:38011215:-	1
chr22:38012352:38015075:+	1
chr22:38036071:38064152:+	1
chr22:38045032:38062478:-	1
chr22:38085376:38085685:-	1
chr22:38087265:38088747:-	1
chr22:38098180:38098410:-	1
chr22:38130900:38140406:-	1
chr22:38168773:38186378:-	1
chr22:38178638:38209585:+	1
chr22:38188215:38280870:-	1
chr22:38193226:38287912:-	1
chr22:38212906:38268122:-	1
chr22:38226312:38292217:-	1
chr22:38236139:38236688:-	1
chr22:38244539:38322653:-	2
chr22:38266869:38320146:+	1
chr22:38274494:38286812:-	1
chr22:38274543:38320235:-	1
chr22:38282006:38299732:-	1
chr22:38287900:38320129:+	1
chr22:38293320:38294108:-	1
chr22:38294535:38298785:-	1
chr22:38299667:38311946:+	1
chr22:38304897:38306501:+	1
chr22:38341286:38407672:-	1
chr22:38349070:38373894:+	1
chr22:38402675:38435551:+	1
chr22:38404683:38827488:-	1
chr22:38404863:38406431:-	1
chr22:38404940:38418463:-	1
chr22:38408638:38411491:-	1
chr22:38414111:38472842:+	1
chr22:38422234:38476772:-	1
chr22:38430285:38433229:-	1
chr22:38438026:38446750:+	1
chr22:38470219:38529105:+	1
chr22:38471080:38473909:+	1
chr22:38492116:38493709:-	1
chr22:38493772:38494020:-	1
chr22:38495047:38495795:-	3
chr22:38498151:38498439:-	1
chr22:38500112:38538079:+	1
chr22:38501281:38505950:-	2
chr22:38513797:38543461:-	1
chr22:38515568:38521195:+	1
chr22:38520589:38573789:-	1
chr22:38524997:38596256:+	1
chr22:38530857:38546177:+	1
chr22:38537445:38585027:-	1
chr22:38545565:38577303:+	1
chr22:38545634:38585007:+	1
chr22:38551608:38593969:+	1
chr22:38553126:38558221:+	1
chr22:38574700:38576036:+	1
chr22:38575965:38594747:+	1
chr22:38576112:38607112:+	1
chr22:38585028:38593922:-	1
chr22:38593834:38608938:+	1
chr22:38596196:38645265:-	1
chr22:38604749:38660289:+	1
chr22:38604884:38608661:-	1
chr22:38633685:38659391:+	1
chr22:38643239:38649790:-	1
chr22:38649607:38747071:-	1
chr22:38649654:38662088:+	1
chr22:38663197:38680028:-	1
chr22:38663465:38665803:+	1
chr22:38672284:38703021:-	1
chr22:38682096:38682322:+	2
chr22:38688002:38688934:-	2
chr22:38702117:38703887:+	1
chr22:38738755:38738872:-	2
chr22:38739427:38739721:-	1
chr22:38752666:38755762:-	1
chr22:38765015:38847282:+	2
chr22:38765157:38810945:+	1
chr22:38838088:38874688:-	1
chr22:38895962:38912720:+	1
chr22:38920980:38995718:+	1
chr22:38940774:38979697:+	1
chr22:38978859:39017090:+	1
chr22:38983104:39065066:+	1
chr22:39001493:39003983:+	1
chr22:39026835:39029679:-	1
chr22:39032787:39071454:+	1
chr22:39043555:39054474:-	1
chr22:39059426:39067231:+	1
chr22:39071407:39095896:+	1
chr22:39085823:39100108:+	1
chr22:39093574:39150598:-	1
chr22:39098981:39102784:+	1
chr22:39107700:39125528:+	1
chr22:39110448:39125043:-	1
chr22:39116551:39118911:+	1
chr22:39117111:39118749:-	1
chr22:39143158:39164025:+	1
chr22:39143158:39157268:+	1
chr22:39143190:39159920:+	2
chr22:39147315:39196832:-	2
chr22:39171108:39202932:+	1
chr22:39183548:39188674:-	1
chr22:39205056:39210385:+	1
chr22:39228676:39270063:+	1
chr22:39230229:39231621:-	1
chr22:39231828:39233434:-	3
chr22:39270144:39334953:+	1
chr22:39312985:39313190:-	17
chr22:39313311:39313633:-	4
chr22:39313730:39314106:-	9
chr22:39314209:39314685:-	10
chr22:39314847:39315368:-	4
chr22:39315556:39316705:-	7
chr22:39316842:39317460:-	2
chr22:39317630:39318399:-	2
chr22:39320929:39367604:-	1
chr22:39334881:39366432:+	1
chr22:39335583:39348540:+	1
chr22:39370294:39406795:-	1
chr22:39386308:39387704:+	1
chr22:39386605:39406181:-	1
chr22:39391715:39460623:-	1
chr22:39415654:39416790:+	1
chr22:39485594:39504995:-	1
chr22:39495956:39499874:+	1
chr22:39507494:39569797:-	1
chr22:39520752:39521353:+	2
chr22:39553868:39625050:+	1
chr22:39591083:39602166:+	1
chr22:39718982:39766019:-	1
chr22:39741953:39780873:-	1
chr22:39830219:39853716:+	1
chr22:39842736:39846668:-	1
chr22:39842964:39846897:+	1
chr22:39898639:39899808:-	2
chr22:39990459:40006175:+	1
chr22:40017324:40018686:+	1
chr22:40061468:40124561:-	2
chr22:40078856:40099033:-	1
chr22:40128667:40148426:+	1
chr22:40128667:40162236:+	1
chr22:40164155:40267637:+	1
chr22:40195699:40243113:-	1
chr22:40246103:40251178:+	1
chr22:40286241:40303680:+	1
chr22:40288973:40372285:-	1
chr22:40291289:40333240:+	1
chr22:40306768:40342656:-	1
chr22:40312652:40312901:+	1
chr22:40312998:40315282:+	1
chr22:40317373:40320274:+	1
chr22:40349518:40398110:+	1
chr22:40351077:40351252:-	1
chr22:40354328:40358863:+	1
chr22:40377750:40383370:+	1
chr22:40383253:40384565:+	2
chr22:40396523:40400572:+	1
chr22:40405285:40405648:+	1
chr22:40407329:40407412:+	1
chr22:40408843:40408932:+	2
chr22:40409526:40409681:+	2
chr22:40421101:40423535:-	1
chr22:40432019:40471655:+	1
chr22:40439276:40503699:+	1
chr22:40443188:40513536:+	1
chr22:40460038:40550946:+	1
chr22:40476019:40490473:-	1
chr22:40484858:40490385:+	1
chr22:40530379:40545514:-	1
chr22:40534537:40550933:-	1
chr22:40537413:40537588:+	1
chr22:40539090:40550946:+	1
chr22:40540103:40578146:+	1
chr22:40545528:40550946:+	1
chr22:40610142:40656703:+	1
chr22:40634231:40683936:+	1
chr22:40671313:40677169:+	1
chr22:40677594:40760137:-	1
chr22:40689711:40711307:+	1
chr22:40693883:41038035:+	1
chr22:40700782:40766070:-	2
chr22:40714174:40728110:-	1
chr22:40720658:40800613:-	1
chr22:40725741:40821483:-	1
chr22:40731269:40765639:-	1
chr22:40732075:40813277:-	1
chr22:40733621:40760852:-	1
chr22:40735120:40794849:-	2
chr22:40736772:40744035:+	1
chr22:40741445:40763912:+	1
chr22:40747354:40802027:+	1
chr22:40756991:40811044:-	1
chr22:40757702:40785287:+	1
chr22:40771190:40774305:-	1
chr22:40788566:40813598:-	1
chr22:40789744:40793846:+	1
chr22:40807490:40813277:-	1
chr22:40830957:40832568:-	2
chr22:40832672:40835559:-	1
chr22:40844910:40848293:-	1
chr22:40848370:40850822:-	2
chr22:40899694:40914017:-	1
chr22:40916151:40943489:+	1
chr22:40918249:40957219:-	1
chr22:40936825:40937125:-	1
chr22:40942367:40982210:+	1
chr22:40944694:40945249:+	1
chr22:40953634:40964046:+	1
chr22:40954875:40957912:-	1
chr22:40957968:40971699:+	1
chr22:40957984:41024176:-	1
chr22:40958209:40989090:-	1
chr22:40963085:40978600:-	1
chr22:40964118:40967798:+	1
chr22:40970143:40976557:+	1
chr22:40978634:41054837:+	1
chr22:40978941:41032322:+	1
chr22:40987397:40995282:-	2
chr22:40987735:40993606:-	1
chr22:40988635:40988939:-	2
chr22:40995626:41001128:+	1
chr22:40997439:41005348:-	1
chr22:40999455:41007843:-	1
chr22:41007924:41024248:-	1
chr22:41014917:41020147:+	1
chr22:41030700:41035671:-	1
chr22:41066661:41070875:-	1
chr22:41072335:41072981:+	1
chr22:41078426:41080879:-	1
chr22:41093099:41117186:+	1
chr22:41113795:41146415:-	1
chr22:41131634:41135812:+	1
chr22:41150199:41151832:+	1
chr22:41152872:41155342:-	1
chr22:41155114:41157168:+	2
chr22:41162780:41164052:+	3
chr22:41173938:41204609:-	1
chr22:41174194:41233224:+	1
chr22:41203061:41319486:-	1
chr22:41206465:41243155:+	1
chr22:41209934:41213892:+	2
chr22:41216263:41217122:+	1
chr22:41220473:41232117:+	1
chr22:41220869:41221198:+	1
chr22:41222795:41232206:-	1
chr22:41251110:41252871:-	1
chr22:41256106:41256190:-	2
chr22:41256291:41256710:-	2
chr22:41265943:41276377:-	2
chr22:41269475:41336403:-	1
chr22:41291383:41293563:+	4
chr22:41298234:41300701:-	1
chr22:41299292:41307132:-	1
chr22:41309409:41316088:+	1
chr22:41328974:41331335:+	1
chr22:41341998:41392609:+	1
chr22:41343577:41346002:+	1
chr22:41352085:41391564:-	1
chr22:41362389:41386918:-	1
chr22:41370604:41388188:+	1
chr22:41380247:41424575:+	1
chr22:41380247:41385779:+	1
chr22:41388124:41390026:+	1
chr22:41392810:41422202:+	1
chr22:41395255:41403653:-	1
chr22:41416384:41419353:+	1
chr22:41416692:41465815:+	1
chr22:41438411:41458103:-	1
chr22:41455784:41457028:+	1
chr22:41456504:41472139:+	1
chr22:41459126:41465417:-	1
chr22:41461894:41474831:-	1
chr22:41474844:41495845:-	1
chr22:41476448:41519545:-	1
chr22:41493846:41539047:+	1
chr22:41496085:41497918:+	1
chr22:41509924:41574353:-	1
chr22:41511969:41515376:+	1
chr22:41515536:41515766:+	1
chr22:41516866:41521914:+	1
chr22:41518573:41520170:+	1
chr22:41523279:41523829:+	1
chr22:41526454:41527287:+	1
chr22:41538277:41599702:+	1
chr22:41542743:41901400:-	1
chr22:41566087:41627392:-	1
chr22:41569923:41623530:+	1
chr22:41625234:41724547:+	1
chr22:41636252:41636515:+	2
chr22:41636771:41637607:+	1
chr22:41651762:41719422:+	1
chr22:41659805:41713668:-	1
chr22:41661445:41663621:+	2
chr22:41668503:41721863:+	1
chr22:41668587:41675652:-	1
chr22:41683998:41685448:+	1
chr22:41685031:41751944:-	1
chr22:41687051:41765099:+	1
chr22:41721952:41727005:-	1
chr22:41727009:41765251:+	1
chr22:41732924:41734780:+	1
chr22:41741803:41765339:+	1
chr22:41757446:41763680:-	2
chr22:41765348:41771578:+	1
chr22:41781846:41784338:+	1
chr22:41798654:41805716:+	1
chr22:41807943:41889782:-	1
chr22:41820382:41829855:-	1
chr22:41849473:41856406:+	1
chr22:41853809:41856847:+	2
chr22:41868793:41870888:+	1
chr22:41877422:41877941:+	1
chr22:41927588:41930924:-	1
chr22:41930469:41930755:+	1
chr22:42047513:42061874:-	1
chr22:42048297:42094531:+	1
chr22:42052410:42098743:+	1
chr22:42072391:42154423:+	2
chr22:42086315:42087059:-	1
chr22:42098756:42099787:+	1
chr22:42100698:42102822:-	1
chr22:42122860:42132433:-	1
chr22:42170412:42219759:+	1
chr22:42177351:42207750:+	1
chr22:42179703:42209650:-	1
chr22:42195736:42206009:+	1
chr22:42198819:42215628:+	2
chr22:42205915:42252593:+	1
chr22:42247222:42261775:-	1
chr22:42372688:42418615:-	1
chr22:42394887:42395242:+	1
chr22:42407327:42447924:-	2
chr22:42429385:42467106:+	1
chr22:42442486:42462979:-	1
chr22:42454843:42455172:-	1
chr22:42467303:42485109:-	1
chr22:42474384:42511319:+	2
chr22:42474806:42488467:-	1
chr22:42485569:42538685:+	1
chr22:42486911:42489412:-	1
chr22:42494054:42496205:+	1
chr22:42496093:42517064:+	1
chr22:42499244:42507339:-	1
chr22:42547434:42605447:-	1
chr22:42560879:42629940:+	1
chr22:42594197:42599539:+	1
chr22:42600739:42652533:+	1
chr22:42607734:42607813:+	1
chr22:42616234:42666458:+	1
chr22:42634284:42655574:-	1
chr22:42635231:43073288:+	1
chr22:42640522:42682052:+	1
chr22:42640610:42641716:-	1
chr22:42659461:42715991:-	1
chr22:42667356:42682874:-	1
chr22:42672586:42730932:+	1
chr22:42675591:42716062:-	1
chr22:42715485:42744984:+	1
chr22:42716049:42779640:-	1
chr22:42724800:42756435:-	1
chr22:42728285:42728879:-	1
chr22:42729472:42790143:-	1
chr22:42735381:42775649:+	1
chr22:42738100:43077023:-	1
chr22:42747391:42775422:+	1
chr22:42749906:42852907:+	1
chr22:42753283:42840012:-	1
chr22:42753603:42842383:+	2
chr22:42754597:42755621:-	1
chr22:42762113:42776006:-	1
chr22:42763152:42800298:+	1
chr22:42770742:42778837:-	1
chr22:42776852:42784948:-	1
chr22:42777627:42844366:-	2
chr22:42783283:42808170:+	1
chr22:42799161:42807072:-	1
chr22:42804616:42852596:+	1
chr22:42840499:42842086:-	1
chr22:42842197:42852250:+	1
chr22:42864766:42866934:+	1
chr22:42877011:42879047:-	1
chr22:42879170:42882183:-	1
chr22:42924900:42952805:+	1
chr22:42936770:42997727:+	1
chr22:42971754:42981564:+	2
chr22:42974576:42996357:-	1
chr22:42974576:42985153:-	1
chr22:42975359:42989536:-	1
chr22:42985098:43021570:+	1
chr22:42987928:43049215:+	2
chr22:42989570:43011919:+	1
chr22:42995193:42996642:-	1
chr22:43011781:43048220:+	2
chr22:43045110:43046919:-	1
chr22:43048253:43057204:+	1
chr22:43056186:43092697:-	1
chr22:43058222:43059832:+	1
chr22:43058838:43073499:+	1
chr22:43058838:43117812:+	1
chr22:43058838:43114445:+	1
chr22:43062427:43068252:+	1
chr22:43063922:43064189:-	1
chr22:43076674:43093620:-	1
chr22:43108056:43114533:-	1
chr22:43140439:43143819:+	1
chr22:43142527:43216394:-	1
chr22:43148366:43193809:-	1
chr22:43153552:43161983:-	1
chr22:43161191:43162802:+	1
chr22:43173412:43216282:+	1
chr22:43180941:43182979:-	2
chr22:43370816:43376480:-	1
chr22:43375712:43376506:-	1
chr22:43379739:43435625:+	2
chr22:43451254:43459336:-	1
chr22:43616600:43618037:+	1
chr22:43632388:43665875:-	1
chr22:43632536:43639020:+	1
chr22:43639016:43666018:-	1
chr22:43677465:43690315:+	1
chr22:43686216:43725376:+	1
chr22:43760102:43799227:+	1
chr22:43772422:43798167:-	1
chr22:43806016:43869402:-	1
chr22:43866926:43892948:-	1
chr22:43899034:43942816:-	2
chr22:43952919:44005242:+	1
chr22:43959282:44034838:+	1
chr22:43963397:43964451:+	1
chr22:43977959:43981390:+	1
chr22:43989616:44013910:+	1
chr22:44013776:44034853:+	1
chr22:44054439:44112627:-	1
chr22:44061236:44062444:-	2
chr22:44077961:44110727:+	1
chr22:44149925:44157782:+	1
chr22:44198723:44205756:+	1
chr22:44217937:44224821:-	1
chr22:44368326:44414642:-	1
chr22:44368373:44371343:+	1
chr22:44393791:44398578:+	1
chr22:44447850:44528191:-	1
chr22:44518110:44547745:-	1
chr22:44550587:44562642:+	1
chr22:44558985:44562642:+	1
chr22:44602074:44648229:-	1
chr22:44638467:44696159:+	1
chr22:44649576:44674849:+	2
chr22:44655184:44655772:+	2
chr22:44674771:44686078:-	1
chr22:44686480:44705767:+	2
chr22:44732115:44749107:+	1
chr22:44741047:44758190:-	1
chr22:44749406:44751194:-	1
chr22:44770119:44776326:-	1
chr22:44770549:44792966:+	1
chr22:44771329:44771636:-	1
chr22:44802165:44808306:+	1
chr22:44832253:44898000:+	1
chr22:44836344:44905771:+	1
chr22:44857084:44897951:+	2
chr22:44868303:44874675:+	1
chr22:44949066:44974311:+	1
chr22:44952083:44976045:-	1
chr22:44976075:44988365:+	1
chr22:45063340:45109571:-	1
chr22:45108718:45122236:+	1
chr22:45115894:45445769:-	2
chr22:45118250:45207259:-	1
chr22:45132458:45140346:+	1
chr22:45133228:45207149:+	1
chr22:45135652:45218414:-	1
chr22:45161151:45161862:+	1
chr22:45162933:45177897:+	1
chr22:45171285:45259181:-	1
chr22:45171684:45175893:+	1
chr22:45178901:45181285:+	2
chr22:45203986:45205216:-	1
chr22:45217116:45260769:-	1
chr22:45218462:45249933:+	1
chr22:45229841:45243990:-	1
chr22:45245982:45256578:-	1
chr22:45256975:45271237:-	1
chr22:45259339:45308441:-	1
chr22:45265769:45326701:-	1
chr22:45277994:45296444:-	1
chr22:45365070:45369328:-	1
chr22:45371979:45387967:+	1
chr22:45396775:45416983:-	1
chr22:45408208:45412282:-	1
chr22:45412129:45416708:-	1
chr22:45465621:45465845:-	1
chr22:45486777:45494709:+	1
chr22:45513876:45530845:-	1
chr22:45519390:45519938:+	1
chr22:45519390:45607547:+	1
chr22:45525679:45527846:+	2
chr22:45531325:45533062:+	3
chr22:45535338:45541228:+	1
chr22:45537478:45599775:+	1
chr22:45542284:45543400:+	1
chr22:45543527:45547084:+	1
chr22:45548745:45550491:+	1
chr22:45550616:45562911:+	1
chr22:45602763:45605016:+	1
chr22:45605241:45660228:+	1
chr22:45606277:45626121:+	2
chr22:45629055:45672063:+	1
chr22:45653878:45668269:+	1
chr22:45660253:45686532:+	1
chr22:45672180:45689711:+	2
chr22:45700379:45702688:+	2
chr22:45760538:45795626:-	1
chr22:45937884:45981417:-	1
chr22:46153686:46190578:-	1
chr22:46154489:46166488:+	1
chr22:46172416:46176272:+	1
chr22:46174599:46237379:-	3
chr22:46205011:46205141:+	1
chr22:46211928:46218066:+	3
chr22:46222912:46236133:+	1
chr22:46253494:46253987:+	1
chr22:46271606:46556610:-	1
chr22:46294294:46302047:-	1
chr22:46298252:46404777:-	1
chr22:46300186:46313596:-	1
chr22:46308208:46308318:+	1
chr22:46310866:46313098:+	1
chr22:46326655:46328687:+	1
chr22:46375687:46383669:+	1
chr22:46389888:46442083:+	1
chr22:46392794:46433270:+	1
chr22:46447763:46491406:+	1
chr22:46486058:46501325:-	1
chr22:46501337:46509399:-	1
chr22:46501398:46520653:+	1
chr22:46519986:46520574:-	2
chr22:46520740:46540614:+	1
chr22:46529125:46556068:+	1
chr22:46668909:46672842:+	1
chr22:46675553:46676599:+	1
chr22:46683799:46705434:+	2
chr22:46699964:46714145:-	1
chr22:46700466:46713871:-	1
chr22:46712004:46716720:-	1
chr22:46712294:46720085:-	1
chr22:46723812:46781289:-	1
chr22:46757896:46763863:+	1
chr22:46978887:46982499:+	1
chr22:47037403:47104079:+	1
chr22:47040223:47050282:+	1
chr22:47052416:47096598:+	1
chr22:47104092:47117909:+	1
chr22:47111604:47173497:+	1
chr22:47254386:47313822:-	1
chr22:47368034:47400275:-	1
chr22:47543016:47571309:+	1
chr22:47571351:47598705:+	1
chr22:47571439:47579321:-	2
chr22:47711757:47720098:+	2
chr22:48126067:48128189:-	1
chr22:48207236:48246021:+	1
chr22:48291387:48298522:+	1
chr22:48345000:48378458:-	1
chr22:48367462:48412099:+	1
chr22:48407038:48421226:+	1
chr22:48918255:48918390:+	1
chr22:48922982:48931966:+	1
chr22:48999328:49171899:-	1
chr22:49011714:49033649:-	1
chr22:49033659:49053236:-	1
chr22:49696883:49703022:-	1
chr22:49722958:49859943:-	1
chr22:49774417:49775590:-	1
chr22:49775746:49776049:-	1
chr22:49815268:49816627:+	1
chr22:49818816:49878234:+	1
chr22:49834353:49860079:-	1
chr22:49847051:49865610:+	1
chr22:49862797:49898484:+	2
chr22:49863517:49893918:-	1
chr22:49872793:49875508:-	1
chr22:49890802:49939860:+	1
chr22:49898485:49932998:+	1
chr22:49919313:49919729:+	1
chr22:49980631:50033821:+	1
chr22:49981830:50023894:-	3
chr22:49990465:50018105:-	1
chr22:50006863:50033940:+	2
chr22:50053145:50076477:-	1
chr22:50066596:50075645:+	1
chr22:50068963:50173268:+	1
chr22:50076295:50133333:-	1
chr22:50097227:50128020:-	1
chr22:50098100:50128672:+	1
chr22:50100135:50127915:+	1
chr22:50102776:50110023:-	1
chr22:50106950:50138950:-	1
chr22:50110310:50169648:+	1
chr22:50167221:50181818:+	2
chr22:50181819:50204395:+	2
chr22:50195041:50197240:+	1
chr22:50227078:50227906:-	1
chr22:50231226:50231993:+	1
chr22:50238633:50239271:+	1
chr22:50249965:50250062:-	1
chr22:50255695:50255809:-	1
chr22:50277152:50349671:-	1
chr22:50277739:50277852:-	1
chr22:50279012:50279629:-	1
chr22:50279777:50280004:-	1
chr22:50280072:50280488:-	3
chr22:50280974:50281088:-	3
chr22:50281190:50281359:-	2
chr22:50281743:50281853:-	1
chr22:50282082:50282183:-	1
chr22:50282882:50283049:-	1
chr22:50283187:50283336:-	5
chr22:50283446:50283601:-	2
chr22:50285902:50285989:-	1
chr22:50286288:50287110:-	2
chr22:50287794:50287936:-	2
chr22:50288872:50288959:-	1
chr22:50289143:50289516:-	1
chr22:50322994:50323875:+	1
chr22:50328312:50370715:-	1
chr22:50330152:50330468:+	1
chr22:50330291:50372452:+	1
chr22:50343551:50372019:+	1
chr22:50354987:50372831:+	4
chr22:50380775:50381705:+	1
chr22:50398418:50404339:-	1
chr22:50412280:50451884:-	2
chr22:50416750:50419234:+	1
chr22:50418990:50419348:+	1
chr22:50419244:50495200:+	1
chr22:50422381:50423461:+	1
chr22:50442934:50496050:+	1
chr22:50448651:50454511:-	1
chr22:50460713:50461158:-	1
chr22:50462474:50462558:-	1
chr22:50466483:50466604:-	2
chr22:50475977:50541981:-	1
chr22:50479522:50496050:+	1
chr22:50495420:50499927:-	1
chr22:50497666:50565953:-	1
chr22:50503700:50503807:-	1
chr22:50526477:50526575:-	4
chr22:50527284:50527587:-	1
chr22:50527718:50528511:-	2
chr22:50528611:50529135:-	4
chr22:50529339:50529495:-	1
chr22:50529732:50529903:-	3
chr22:50530561:50530711:-	2
chr22:50530853:50530936:-	1
chr22:50531059:50531190:-	1
chr22:50537463:50554466:+	1
chr22:50540525:50543722:+	1
chr22:50555889:50559221:+	1
chr22:50569422:50569575:-	1
chr22:50573922:50574334:-	1
chr22:50577935:50578548:-	1
chr22:50581215:50656923:-	1
chr22:50618129:50619000:-	1
chr22:50646367:50650970:-	1
chr22:50657523:50665410:-	1
chr22:50746370:50770452:+	1
chr22:50762982:50775014:+	1
chr22:50771420:50774920:+	1
