start	end	gene_name	gene_type
10524345	10529164	ENSG00000294541	lncRNA
10736171	10736283	U2	snRNA
10742050	10753085	ENSG00000301473	lncRNA
10752636	10754413	ENSG00000301496	lncRNA
10939388	10961338	FRG1FP	transcribed_unprocessed_pseudogene
10941695	10961693	ENSG00000303605	lncRNA
11066268	11068174	ENSG00000279973	lncRNA
11124337	11125705	ACTR3BP7	processed_pseudogene
11146119	11147823	ENSG00000294022	lncRNA
11249809	11249959	5_8S_rRNA	rRNA
11474744	11479643	ZNF73P	unprocessed_pseudogene
11707145	11955470	ENSG00000290397	lncRNA
11832287	11974294	ENSG00000310416	lncRNA
11883602	11904000	ENSG00000286406	transcribed_unprocessed_pseudogene
12038112	12056544	ENSG00000296155	lncRNA
12097900	12219507	ENSG00000298316	lncRNA
12099178	12167106	ENSG00000298334	lncRNA
12279848	12281130	ENSG00000307720	lncRNA
12298622	12309789	ENSG00000300120	lncRNA
12602041	12629211	ENSG00000310236	lncRNA
12602466	12626642	FRG1GP	transcribed_unprocessed_pseudogene
12694810	12696637	ENSG00000297508	lncRNA
12800736	12813586	ENSG00000302854	lncRNA
15273855	15273961	U6	snRNA
15282557	15288670	ENSG00000280341	lncRNA
15290718	15297196	ENSG00000236235	unprocessed_pseudogene
15298378	15304556	ENSG00000279442	lncRNA
15326037	15343065	ZNF72BP	unprocessed_pseudogene
15349467	15350043	BNIP3P2	processed_pseudogene
15489990	15492564	YME1L1P1	unprocessed_pseudogene
15509869	15523382	ENSG00000300982	lncRNA
15516999	15564470	ENSG00000300957	lncRNA
15528192	15529139	OR11H1	protein_coding
15541436	15578006	ENSG00000237299	transcribed_unprocessed_pseudogene
15550904	15553838	ARHGAP42P3	processed_pseudogene
15557577	15625205	ENSG00000230471	lncRNA
15562017	15564276	USP10P3	processed_pseudogene
15572089	15573265	SSBP3P3	processed_pseudogene
15588361	15588478	ENSG00000230643	unprocessed_pseudogene
15603386	15610273	ENSG00000300998	lncRNA
15611759	15613096	NEK2P2	processed_pseudogene
15615402	15615578	ENSG00000226474	unprocessed_pseudogene
15622601	15632051	NF1P6	transcribed_unprocessed_pseudogene
15635180	15644330	MED15P7	unprocessed_pseudogene
15690026	15721631	POTEH	protein_coding
15699361	15703403	POTEH-AS1	lncRNA
15701459	15701565	RNU6-816P	snRNA
15721486	15722608	ENSG00000241838	processed_pseudogene
15741297	15779680	PSLNR	lncRNA
15749156	15750825	GRAMD4P2	transcribed_processed_pseudogene
15784886	15877449	DUXAP8	lncRNA
15794901	15797909	ENSG00000271127	transcribed_unprocessed_pseudogene
15805263	15821063	ENSG00000290415	lncRNA
15805847	15806503	BMS1P22	transcribed_unprocessed_pseudogene
15826566	15827187	DUXAP8	transcribed_processed_pseudogene
15852990	15893942	NBEAP3	transcribed_unprocessed_pseudogene
15854195	15855243	TOMM40P2	processed_pseudogene
15901791	15901911	ENSG00000229286	unprocessed_pseudogene
15914721	15915800	ENSG00000233866	lncRNA
16141767	16141872	U6	snRNA
16387694	16390887	ABCD1P4	unprocessed_pseudogene
16405330	16405417	ENSG00000226160	processed_pseudogene
16423943	16426031	PABPC1P9	unprocessed_pseudogene
16428947	16476870	SLC9B1P4	unprocessed_pseudogene
16486985	16488322	ACTR3BP6	processed_pseudogene
16503304	16509475	CHEK2P4	unprocessed_pseudogene
16521059	16527237	ENSG00000273362	lncRNA
16572027	16574637	ENSG00000233995	unprocessed_pseudogene
16575363	16582707	KCNMB3P1	transcribed_unprocessed_pseudogene
16577898	16602748	ENSG00000290416	lncRNA
16590751	16592810	CCT8L2	protein_coding
16592895	16600112	ENSG00000287285	lncRNA
16595065	16599834	ENSG00000294751	lncRNA
16595089	16595485	FABP5P11	transcribed_processed_pseudogene
16601307	16698742	TPTEP1	lncRNA
16616170	16617114	ENSG00000267338	lncRNA
16637040	16638740	TPTEP1	transcribed_unprocessed_pseudogene
16645695	16646581	SLC25A15P5	unprocessed_pseudogene
16653892	16659628	PARP4P3	transcribed_unprocessed_pseudogene
16654066	16675540	ANKRD62P1-PARP4P3	lncRNA
16671090	16679493	ANKRD62P1	transcribed_unprocessed_pseudogene
16676016	16694648	ENSG00000273244	lncRNA
16690103	16704477	VWFP1	transcribed_unprocessed_pseudogene
16701499	16748645	LINC01665	lncRNA
16725072	16747761	ENSG00000288024	lncRNA
16783412	16825411	XKR3	protein_coding
16827403	16829336	HSFY1P1	lncRNA
16827551	16829209	HSFY1P1	transcribed_unprocessed_pseudogene
16837522	16837666	GPM6BP3	processed_pseudogene
16844399	16846357	ENSG00000283535	transcribed_unprocessed_pseudogene
16855804	16856162	ENSG00000237835	processed_pseudogene
16857619	16860718	ZNF402P	processed_pseudogene
16869433	16871281	ENSG00000237689	lncRNA
16876218	16876421	MTND1P17	processed_pseudogene
16876552	16876902	ENSG00000237358	processed_pseudogene
16889495	16890424	ENSG00000298208	lncRNA
16896849	16897760	ENSG00000297273	lncRNA
16897445	16897546	ENSG00000225480	transcribed_processed_pseudogene
16904219	16904696	IGKV1OR22-5	IG_V_pseudogene
16914235	16914981	IGKV2OR22-4	IG_V_pseudogene
16921443	16922173	IGKV2OR22-3	IG_V_pseudogene
16925952	16926444	IGKV3OR22-2	IG_V_pseudogene
16933521	16934003	IGKV1OR22-1	IG_V_pseudogene
16953895	16956808	ENSG00000285045	unprocessed_pseudogene
16961936	17008222	GAB4	protein_coding
17012404	17012932	IL9RP6	processed_pseudogene
17014906	17016548	ENSG00000310179	lncRNA
17020574	17024506	ENSG00000295065	lncRNA
17021398	17022570	VN1R9P	transcribed_processed_pseudogene
17035503	17036409	ENSG00000295360	lncRNA
17036425	17071041	ENSG00000290931	lncRNA
17044873	17047426	CECR7	transcribed_unprocessed_pseudogene
17080701	17081456	ENSG00000273442	lncRNA
17084954	17115693	IL17RA	protein_coding
17093612	17093939	RPL31P62	processed_pseudogene
17116297	17121367	TMEM121B	protein_coding
17119519	17132113	LINC01664	lncRNA
17137511	17165287	HDHD5	protein_coding
17159338	17165451	HDHD5-AS1	lncRNA
17178790	17258235	ADA2	protein_coding
17192936	17193308	RPL32P5	processed_pseudogene
17213516	17214155	FAM32BP	processed_pseudogene
17248091	17260693	ENSG00000296914	lncRNA
17256859	17266822	CECR3	lncRNA
17270097	17349607	ENSG00000308779	lncRNA
17314870	17329205	ENSG00000308791	lncRNA
17329034	17329232	CECR9	TEC
17352881	17353177	RN7SL843P	misc_RNA
17359949	17558151	CECR2	protein_coding
17418697	17419828	TERF2IPP1	processed_pseudogene
17424388	17424775	CLCP1	processed_pseudogene
17518676	17519029	DNAJA1P6	processed_pseudogene
17521514	17570078	ENSG00000286195	lncRNA
17563450	17590995	SLC25A18	protein_coding
17579386	17589192	ENSG00000236754	lncRNA
17592136	17628749	ATP6V1E1	protein_coding
17628855	17730855	BCL2L13	protein_coding
17734138	17774770	BID	protein_coding
17764180	17764259	MIR3198-1	miRNA
17777317	17780519	LINC00528	lncRNA
17787649	18024561	MICAL3	protein_coding
17787652	17811497	ENSG00000093100	lncRNA
17800722	17802035	ENSG00000286990	lncRNA
17866708	17867463	ENSG00000294058	lncRNA
17910840	17911365	ENSG00000297738	lncRNA
17980868	17980961	MIR648	miRNA
17983205	17983619	ENSG00000235445	lncRNA
18004270	18007308	ENSG00000234913	lncRNA
18019214	18020200	RHEBP3	processed_pseudogene
18023718	18025689	ENSG00000297713	lncRNA
18029282	18044412	LINC01634	lncRNA
18044183	18077248	ENSG00000304254	lncRNA
18075138	18078884	ENSG00000225335	lncRNA
18077923	18105396	PEX26	protein_coding
18077989	18131720	ENSG00000288683	protein_coding
18081466	18081675	ENSG00000236890	processed_pseudogene
18101612	18101888	ENSG00000235617	unprocessed_pseudogene
18102457	18103649	ARL2BPP10	processed_pseudogene
18110100	18146683	TUBA8	protein_coding
18110759	18131154	ENSG00000280007	lncRNA
18149843	18177397	USP18	protein_coding
18178026	18205991	FAM230D	lncRNA
18205937	18207914	ENSG00000308419	lncRNA
18233500	18500594	FAM230A	lncRNA
18340145	18345899	GGTLC5P	unprocessed_pseudogene
18348975	18361192	ENSG00000288811	lncRNA
18361820	18391105	FAM230J	lncRNA
18374106	18375689	ENSG00000276874	lncRNA
18400407	18404206	PPP1R26P3	unprocessed_pseudogene
18412708	18415484	ENSG00000308374	lncRNA
18416727	18418871	ENSG00000308395	lncRNA
18427183	18428360	ENSG00000302882	lncRNA
18486999	18491247	ENSG00000277017	lncRNA
18501221	18512497	FAM247B	lncRNA
18516344	18518161	GGTLC3	protein_coding
18524620	18524935	Metazoa_SRP	misc_RNA
18527157	18527626	ENSG00000277690	processed_pseudogene
18527802	18530573	TMEM191B	protein_coding
18533646	18578894	PI4KAP1	lncRNA
18534005	18548798	PI4KAP1	transcribed_unprocessed_pseudogene
18551200	18570739	ENSG00000300291	lncRNA
18605355	18605497	ENSG00000274625	scaRNA
18605802	18606102	RN7SKP131	misc_RNA
18605815	18611919	RIMBP3	protein_coding
18615581	18615900	Metazoa_SRP	misc_RNA
18623339	18625289	SUSD2P2	unprocessed_pseudogene
18633984	18634682	FAM246B	protein_coding
18634776	18635386	ENSG00000302720	lncRNA
18636445	18638405	CA15P2	unprocessed_pseudogene
18650023	18653617	PPP1R26P2	processed_pseudogene
18715815	18719341	PPP1R26P4	processed_pseudogene
18727548	18730085	ENSG00000309872	lncRNA
18733724	18757906	FAM230E	lncRNA
18738233	18739420	ENSG00000298191	lncRNA
18758532	18769809	ENSG00000297197	lncRNA
18773659	18858648	ENSG00000290711	lncRNA
18773825	18791223	GGT3P	transcribed_unprocessed_pseudogene
18794414	18794804	ENSG00000239989	transcribed_processed_pseudogene
18803738	18813169	ENSG00000302582	lncRNA
18833694	18834438	E2F6P1	processed_pseudogene
18846472	18864414	POM121L15P	lncRNA
18846477	18848379	ENSG00000302604	lncRNA
18846932	18848320	POM121L15P	transcribed_processed_pseudogene
18855621	18858640	BCRP7	transcribed_unprocessed_pseudogene
18865042	18871095	ENSG00000307221	lncRNA
18873543	18896777	FAM230F	lncRNA
18883615	18884736	ENSG00000299619	lncRNA
18906028	18914238	DGCR6	protein_coding
18906238	18947732	ENSG00000283809	protein_coding
18912777	18936553	PRODH	protein_coding
18936411	18947741	ENSG00000284294	lncRNA
18951934	18959512	ENSG00000280418	lncRNA
18969692	19031242	DGCR5	lncRNA
18980695	18981325	ENSG00000283583	unprocessed_pseudogene
18985836	18994501	CELSR1P1	transcribed_unprocessed_pseudogene
18996940	18998733	ENSG00000302076	lncRNA
18997138	18997595	ENSG00000271275	transcribed_processed_pseudogene
19014353	19014506	ENSG00000283366	transcribed_unprocessed_pseudogene
19018043	19018916	ENSG00000270393	processed_pseudogene
19029524	19031242	FAM246C	protein_coding
19031564	19034564	CA15P1	transcribed_unitary_pseudogene
19032247	19033090	ENSG00000298261	lncRNA
19036282	19122454	DGCR2	protein_coding
19045256	19045367	Y_RNA	misc_RNA
19046162	19048375	DGCR11	lncRNA
19055801	19056512	RPL28P6	processed_pseudogene
19061041	19061843	ENSG00000281530	lncRNA
19121464	19135657	ENSG00000223461	lncRNA
19124309	19128449	ENSG00000272682	lncRNA
19124879	19125646	TSSK1A	transcribed_unitary_pseudogene
19130279	19144684	ESS2	protein_coding
19131308	19132622	TSSK2	protein_coding
19146993	19150292	GSC2	protein_coding
19170452	19171631	ENSG00000289481	lncRNA
19171395	19185045	LINC01311	lncRNA
19175581	19178739	SLC25A1	protein_coding
19179473	19291719	CLTCL1	protein_coding
19196402	19200083	ENSG00000286367	lncRNA
19238443	19238739	RPL34P35	processed_pseudogene
19249873	19249966	ENSG00000251940	snoRNA
19257520	19258806	KRT18P62	processed_pseudogene
19291969	19328901	ENSG00000287146	lncRNA
19330698	19447450	HIRA	protein_coding
19351368	19447711	C22orf39	protein_coding
19365766	19366044	RN7SL168P	misc_RNA
19432545	19436075	MRPL40	protein_coding
19447763	19450105	UFD1-AS1	lncRNA
19449911	19479202	UFD1	protein_coding
19454179	19454605	ENSG00000273300	lncRNA
19456503	19456962	ENSG00000273212	lncRNA
19479457	19520612	CDC45	protein_coding
19517453	19522769	ENSG00000287652	lncRNA
19523024	19527545	CLDN5	protein_coding
19551558	19566839	LINC00895	lncRNA
19579814	19587025	ENSG00000302501	lncRNA
19597778	19598642	ENSG00000305857	lncRNA
19630750	19633574	ENSG00000230485	processed_pseudogene
19666899	19667735	ENSG00000225007	lncRNA
19687923	19693581	ENSG00000304282	lncRNA
19708983	19714838	ENSG00000304096	lncRNA
19714503	19724224	SEPTIN5	protein_coding
19717220	19724772	ENSG00000284874	protein_coding
19723539	19724771	GP1BB	protein_coding
19727249	19735909	ENSG00000298759	lncRNA
19748522	19749106	ENSG00000306238	lncRNA
19750531	19751330	ENSG00000298407	lncRNA
19756703	19783593	TBX1	protein_coding
19783223	19854939	GNB1L	protein_coding
19792294	19793094	RPL7AP70	processed_pseudogene
19804904	19809428	ENSG00000302740	lncRNA
19846138	19854896	RTL10	protein_coding
19854910	19867420	ENSG00000289960	lncRNA
19875517	19941820	TXNRD2	protein_coding
19887289	19887970	RPL8P5	processed_pseudogene
19933661	19939498	ENSG00000289946	lncRNA
19941371	19969975	COMT	protein_coding
19963753	19963834	MIR4761	miRNA
19969896	20016823	ARVCF	protein_coding
20017014	20067164	TANGO2	protein_coding
20033139	20033220	MIR185	miRNA
20058030	20070569	ENSG00000236540	lncRNA
20064552	20065705	ENSG00000268292	lncRNA
20070716	20070965	Metazoa_SRP	misc_RNA
20080221	20111877	DGCR8	protein_coding
20080798	20081584	ENSG00000307654	lncRNA
20085746	20085833	MIR3618	miRNA
20086058	20086142	MIR1306	miRNA
20110821	20111875	ENSG00000243762	lncRNA
20111875	20117392	TRMT2A	protein_coding
20114686	20114751	MIR6816	miRNA
20115938	20127355	RANBP1	protein_coding
20126402	20126526	SNORA77B	snoRNA
20129456	20148007	ZDHHC8	protein_coding
20148416	20151055	CCDC188	protein_coding
20151796	20155468	ENSG00000299199	lncRNA
20198729	20212221	LINC02891	lncRNA
20206340	20235981	LINC00896	lncRNA
20226761	20228564	ENSG00000307165	lncRNA
20241415	20283246	RTN4R	protein_coding
20249134	20249211	MIR1286	miRNA
20299760	20313216	PRODHLP	unprocessed_pseudogene
20314238	20320080	DGCR6L	protein_coding
20318119	20318749	ENSG00000273343	lncRNA
20320104	20321406	ENSG00000273139	lncRNA
20335732	20338859	ENSG00000309819	lncRNA
20337895	20354372	FAM230G	lncRNA
20343198	20372718	ENSG00000290950	lncRNA
20363621	20377251	USP41P	transcribed_unprocessed_pseudogene
20394115	20408461	ZNF74	protein_coding
20416797	20416899	RNU6-225P	snRNA
20418310	20420314	ENSG00000301723	lncRNA
20424584	20437826	SCARF2	protein_coding
20425347	20443364	ENSG00000305663	lncRNA
20429241	20446620	ENSG00000277971	protein_coding
20441519	20495844	KLHL22	protein_coding
20450122	20451824	KLHL12P1	processed_pseudogene
20475203	20475311	RNY1P9	misc_RNA
20481158	20481268	Y_RNA	misc_RNA
20481935	20482213	RN7SL812P	misc_RNA
20482815	20484105	KRT18P5	processed_pseudogene
20495913	20587632	MED15	protein_coding
20522070	20523870	ENSG00000236003	lncRNA
20563737	20567074	ENSG00000307622	lncRNA
20587496	20592218	CCDC74BP1	transcribed_unprocessed_pseudogene
20587585	20592235	ENSG00000307604	lncRNA
20602595	20626134	SMPD4P1	transcribed_unprocessed_pseudogene
20616230	20656986	ENSG00000290981	lncRNA
20631168	20632961	ENSG00000294629	lncRNA
20632619	20632751	IGLL4P	transcribed_unprocessed_pseudogene
20652730	20654750	SLC9A3P2	processed_pseudogene
20667836	20670984	ABHD17AP4	processed_pseudogene
20689929	20698938	POM121L4P	transcribed_unprocessed_pseudogene
20690031	20691317	ENSG00000290982	lncRNA
20695438	20704239	ENSG00000303205	lncRNA
20695633	20698399	ENSG00000303227	lncRNA
20697962	20698934	BCRP5	transcribed_unprocessed_pseudogene
20701114	20704617	TMEM191A	lncRNA
20702007	20704490	TMEM191A	transcribed_unprocessed_pseudogene
20707691	20859417	PI4KA	protein_coding
20774113	20787720	SERPIND1	protein_coding
20859007	20891214	SNAP29	protein_coding
20889206	20891214	ENSG00000272600	lncRNA
20917407	20953747	CRKL	protein_coding
20957092	20964881	LINC01637	lncRNA
20965108	20981360	AIFM3	protein_coding
20979462	20998121	ENSG00000285314	lncRNA
20981351	20982233	ENSG00000272829	lncRNA
20982269	20999032	LZTR1	protein_coding
20999104	21002196	THAP7	protein_coding
21001536	21010342	THAP7-AS1	lncRNA
21002895	21009453	ENSG00000284060	transcribed_unprocessed_pseudogene
21008193	21014292	TUBA3FP	protein_coding
21008247	21032572	ENSG00000291240	protein_coding
21009808	21028013	P2RX6	protein_coding
21028718	21032840	SLC7A4	protein_coding
21031354	21044117	ENSG00000226872	lncRNA
21034176	21034272	MIR649	miRNA
21035233	21045741	ENSG00000290799	lncRNA
21042343	21045017	P2RX6P	transcribed_unprocessed_pseudogene
21045946	21064168	LRRC74B	protein_coding
21065462	21070097	TUBA3GP	unprocessed_pseudogene
21071082	21081018	ENSG00000284665	unprocessed_pseudogene
21102861	21170655	ENSG00000291044	lncRNA
21114570	21124451	ENSG00000197210	lncRNA
21115929	21119758	BCRP2	transcribed_unprocessed_pseudogene
21125660	21128063	POM121L7P	processed_pseudogene
21141624	21142371	E2F6P2	processed_pseudogene
21163681	21166933	ENSG00000297777	lncRNA
21166079	21192161	FAM230B	lncRNA
21177892	21179875	ENSG00000234503	lncRNA
21192787	21204034	FAM247A	lncRNA
21203454	21203631	FAM247A	transcribed_unprocessed_pseudogene
21207972	21294616	ENSG00000290983	lncRNA
21207973	21225554	GGT2P	transcribed_unprocessed_pseudogene
21228760	21229138	ENSG00000283145	transcribed_unprocessed_pseudogene
21268161	21268903	E2F6P3	processed_pseudogene
21282881	21284161	POM121L8P	transcribed_processed_pseudogene
21290760	21294586	BCRP6	transcribed_unprocessed_pseudogene
21290990	21292541	ENSG00000301876	lncRNA
21300990	21326741	FAM230H	lncRNA
21312920	21314904	ENSG00000237407	lncRNA
21326697	21332962	ENSG00000303017	lncRNA
21341595	21345258	PPP1R26P5	processed_pseudogene
21354563	21358067	LINC01651	lncRNA
21359582	21368788	ENSG00000306955	lncRNA
21360601	21361299	FAM246A	protein_coding
21370064	21371945	SUSD2P1	processed_pseudogene
21379382	21379701	Metazoa_SRP	misc_RNA
21383751	21389478	RIMBP3B	protein_coding
21389191	21389491	RN7SKP63	misc_RNA
21389796	21389938	ENSG00000252020	scaRNA
21396273	21396590	Metazoa_SRP	misc_RNA
21417371	21451463	HIC2	protein_coding
21418732	21439973	ENSG00000303940	lncRNA
21463963	21464279	Metazoa_SRP	misc_RNA
21466423	21471269	TMEM191C	protein_coding
21472998	21518463	ENSG00000293427	lncRNA
21473059	21488358	PI4KAP2	transcribed_unitary_pseudogene
21490664	21512462	ENSG00000295071	lncRNA
21544897	21545039	ENSG00000252143	scaRNA
21545344	21545644	RN7SKP221	misc_RNA
21545666	21551461	RIMBP3C	protein_coding
21549447	21624034	UBE2L3	protein_coding
21555138	21555457	Metazoa_SRP	misc_RNA
21628089	21630064	YDJC	protein_coding
21632137	21632645	ENSG00000301561	lncRNA
21632716	21637329	CCDC116	protein_coding
21640844	21641284	ENSG00000273342	lncRNA
21642302	21644299	SDF2L1	protein_coding
21650379	21657494	ENSG00000295055	lncRNA
21652128	21670237	ENSG00000207751	lncRNA
21652981	21653058	MIR301B	miRNA
21653304	21653385	MIR130B	miRNA
21657811	21661021	ENSG00000284630	transcribed_unitary_pseudogene
21661242	21661295	ENSG00000284651	unitary_pseudogene
21661476	21661593	ENSG00000284654	unitary_pseudogene
21661736	21666241	ENSG00000295080	lncRNA
21661859	21661929	ENSG00000284621	transcribed_unitary_pseudogene
21666000	21700015	PPIL2	protein_coding
21697536	21735794	YPEL1	protein_coding
21712761	21714013	ENSG00000286365	lncRNA
21722895	21723182	RN7SL280P	misc_RNA
21736135	21738374	ENSG00000299757	lncRNA
21737448	21744108	ENSG00000286127	lncRNA
21759657	21867680	MAPK1	protein_coding
21792434	21792524	RNA5SP493	rRNA_pseudogene
21816883	21835671	ENSG00000289564	lncRNA
21867794	21886198	ENSG00000294146	lncRNA
21885282	21885673	MPPE1P2	processed_pseudogene
21919425	21952848	PPM1F	protein_coding
21938269	21977632	PPM1F-AS1	lncRNA
21954365	21956341	ENSG00000309998	lncRNA
21957025	21982813	TOP3B	protein_coding
21991099	22043934	PRAMENP	lncRNA
21991236	21995428	PRAMENP	transcribed_unprocessed_pseudogene
22026076	22026593	IGLVI-70	IG_V_pseudogene
22030934	22031472	IGLV4-69	IG_V_gene
22032745	22033194	IGLVI-68	IG_V_pseudogene
22036344	22040065	ENSG00000278657	lncRNA
22038643	22039126	ENSG00000249333	unprocessed_pseudogene
22043618	22043942	IGLV10-67	IG_V_pseudogene
22046430	22046591	ENSG00000228161	unprocessed_pseudogene
22058433	22058892	IGLVIV-66-1	IG_V_pseudogene
22061077	22061538	IGLVV-66	IG_V_pseudogene
22070225	22070707	IGLVIV-65	IG_V_pseudogene
22075366	22075666	IGLVIV-64	IG_V_pseudogene
22079770	22080263	IGLVI-63	IG_V_pseudogene
22086561	22087110	IGLV1-62	IG_V_pseudogene
22087924	22088085	ENSG00000275361	unprocessed_pseudogene
22098700	22099212	IGLV8-61	IG_V_gene
22103219	22104857	ENSG00000225741	unprocessed_pseudogene
22114844	22118005	ABHD17AP5	processed_pseudogene
22155582	22155942	ENSG00000236118	unprocessed_pseudogene
22157382	22157631	ENSG00000233720	unprocessed_pseudogene
22162199	22162681	IGLV4-60	IG_V_gene
22168289	22168634	ENSG00000227710	unprocessed_pseudogene
22170983	22171556	SOCS2P2	processed_pseudogene
22179228	22179477	IGLVIV-59	IG_V_pseudogene
22182582	22182885	IGLVV-58	IG_V_pseudogene
22185941	22186619	BMP6P1	processed_pseudogene
22195799	22196276	IGLV6-57	IG_V_gene
22198560	22199011	IGLVI-56	IG_V_pseudogene
22201663	22202161	IGLV11-55	IG_V_gene
22214794	22215270	IGLV10-54	IG_V_gene
22219647	22220133	IGLVIV-53	IG_V_pseudogene
22223187	22224566	TOP3BP1	processed_pseudogene
22228719	22230469	ENSG00000234726	processed_pseudogene
22244780	22245515	VPREB1	protein_coding
22264601	22273020	ENSG00000279278	lncRNA
22283928	22287220	ENSG00000274422	lncRNA
22293733	22294794	ENSG00000234630	lncRNA
22298124	22329122	ENSG00000286129	lncRNA
22303224	22310401	BMS1P20	transcribed_unprocessed_pseudogene
22318727	22319226	IGLV5-52	IG_V_gene
22322472	22322969	IGLV1-51	IG_V_gene
22327300	22327814	IGLV1-50	IG_V_gene
22339573	22341214	ASH2LP3	unprocessed_pseudogene
22343187	22343732	IGLV9-49	IG_V_gene
22347807	22348164	ENSG00000232515	unprocessed_pseudogene
22352940	22353433	IGLV5-48	IG_V_gene
22357739	22358260	IGLV1-47	IG_V_gene
22366210	22367770	ASH2LP2	processed_pseudogene
22369614	22370087	IGLV7-46	IG_V_gene
22370829	22371120	ENSG00000232603	unprocessed_pseudogene
22375986	22376505	IGLV5-45	IG_V_gene
22380766	22381347	IGLV1-44	IG_V_gene
22395018	22395489	IGLV7-43	IG_V_gene
22397032	22397524	IGLVI-42	IG_V_pseudogene
22398849	22398999	IGLVVII-41-1	IG_V_pseudogene
22404207	22404721	IGLV1-41	IG_V_pseudogene
22409766	22410282	IGLV1-40	IG_V_gene
22420326	22421310	ASH2LP1	processed_pseudogene
22425821	22426314	IGLVI-38	IG_V_pseudogene
22427540	22428035	IGLV5-37	IG_V_gene
22431958	22432465	IGLV1-36	IG_V_gene
22446686	22448336	ASH2LP4	processed_pseudogene
22450202	22450652	IGLV7-35	IG_V_pseudogene
22465659	22465986	ENSG00000226595	unprocessed_pseudogene
22484421	22508742	ZNF280B	protein_coding
22513736	22520270	ZNF280A	protein_coding
22547701	22559361	PRAME	protein_coding
22559343	22566602	LL22NC03-63E9.3	lncRNA
22580014	22580296	IGLV2-34	IG_V_pseudogene
22588155	22588688	IGLV2-33	IG_V_gene
22594528	22595056	IGLV3-32	IG_V_gene
22604445	22605165	IGLV3-31	IG_V_pseudogene
22618572	22619163	IGLV3-30	IG_V_pseudogene
22630065	22636153	BCRP4	unprocessed_pseudogene
22630546	22644524	ENSG00000290990	lncRNA
22642251	22644085	POM121L1P	transcribed_unprocessed_pseudogene
22644614	22647898	GGTLC2	protein_coding
22661299	22661542	IGLV3-29	IG_V_pseudogene
22664473	22664907	IGLV2-28	IG_V_pseudogene
22668288	22668806	IGLV3-27	IG_V_gene
22673152	22673602	IGLV3-26	IG_V_pseudogene
22679097	22679345	IGLVVI-25-1	IG_V_pseudogene
22686726	22687271	IGLV3-25	IG_V_gene
22689831	22689978	ENSG00000232350	unprocessed_pseudogene
22692778	22693312	ENSG00000223999	lncRNA
22694439	22694952	IGLV3-24	IG_V_pseudogene
22697789	22698407	IGLV2-23	IG_V_gene
22700760	22700970	IGLVVI-22-1	IG_V_pseudogene
22704265	22704822	IGLV3-22	IG_V_gene
22711689	22713203	IGLV3-21	IG_V_gene
22715290	22715419	IGLVI-20	IG_V_pseudogene
22720623	22721145	IGLV3-19	IG_V_gene
22730725	22731090	ENSG00000278667	processed_pseudogene
22734607	22735089	IGLV2-18	IG_V_gene
22738944	22739187	IGLV3-17	IG_V_pseudogene
22747383	22747921	IGLV3-16	IG_V_gene
22755554	22755797	IGLV3-15	IG_V_pseudogene
22757217	22759496	ENSG00000288861	lncRNA
22758700	22759218	IGLV2-14	IG_V_gene
22762294	22762516	IGLV3-13	IG_V_pseudogene
22771824	22772582	IGLV3-12	IG_V_gene
22774529	22774691	ENSG00000231392	unprocessed_pseudogene
22785643	22787268	ENSG00000275772	processed_pseudogene
22790853	22818943	ENSG00000289120	lncRNA
22792491	22793007	IGLV2-11	IG_V_gene
22803076	22803360	ENSG00000274381	unprocessed_pseudogene
22811747	22812281	IGLV3-10	IG_V_gene
22814671	22814926	ENSG00000226477	unprocessed_pseudogene
22819010	22819756	IGLV3-9	IG_V_gene
22822658	22823289	IGLV2-8	IG_V_gene
22822776	22822871	MIR650	miRNA
22834865	22835117	ENSG00000237127	unprocessed_pseudogene
22838602	22838872	IGLV3-7	IG_V_pseudogene
22850375	22850624	IGLV3-6	IG_V_pseudogene
22856762	22857038	IGLV2-5	IG_V_pseudogene
22858025	22858268	IGLV3-4	IG_V_pseudogene
22871507	22872035	IGLV4-3	IG_V_gene
22873212	22873440	IGLV3-2	IG_V_pseudogene
22880706	22881396	IGLV3-1	IG_V_gene
22886267	22886379	MIR5571	miRNA
22887780	22896111	IGLL5	protein_coding
22893692	22893818	IGLJ1	IG_J_gene
22895375	22895834	IGLC1	IG_C_gene
22899481	22899655	IGLJ2	IG_J_gene
22900976	22901437	IGLC2	IG_C_gene
22904850	22905025	IGLJ3	IG_J_gene
22906342	22906803	IGLC3	IG_C_gene
22910574	22910606	IGLJ4	IG_J_gene
22910828	22911075	IGLC4	IG_C_pseudogene
22914237	22914308	IGLJ5	IG_J_gene
22915635	22915927	IGLC5	IG_C_pseudogene
22918132	22918201	IGLJ6	IG_J_gene
22919535	22919851	IGLC6	IG_C_pseudogene
22921390	22921435	IGLJ7	IG_J_gene
22922594	22923034	IGLC7	IG_C_gene
22988263	22988581	ATP5PFP2	processed_pseudogene
22990690	23008356	ENSG00000223679	unprocessed_pseudogene
23053512	23055610	ENSG00000302749	lncRNA
23059415	23145021	RSPH14	protein_coding
23070519	23125032	GNAZ	protein_coding
23132730	23133005	Metazoa_SRP	misc_RNA
23137805	23137864	U7	snRNA
23145366	23165663	RAB36	protein_coding
23147639	23153680	ENSG00000294355	lncRNA
23179704	23318037	BCR	protein_coding
23179918	23180172	BCRP8	processed_pseudogene
23261782	23262071	RN7SL263P	misc_RNA
23262767	23265005	FBXW4P1	processed_pseudogene
23286446	23305828	ENSG00000296232	lncRNA
23322543	23322927	RPS10P30	processed_pseudogene
23326616	23328493	LINC02556	lncRNA
23358949	23402726	ENSG00000290920	lncRNA
23359603	23377014	CES5AP1	transcribed_unprocessed_pseudogene
23383632	23384922	ENSG00000309962	lncRNA
23388249	23397016	ENSG00000309931	lncRNA
23392553	23394792	CCDC188BP	transcribed_unprocessed_pseudogene
23397938	23402157	ZDHHC8BP	transcribed_unprocessed_pseudogene
23402489	23409537	ENSG00000309947	lncRNA
23433460	23464002	LINC01659	lncRNA
23460349	23460511	ENSG00000227755	transcribed_processed_pseudogene
23461220	23509553	FAM230I	lncRNA
23474020	23475038	ENSG00000302395	lncRNA
23510154	23512662	ENSG00000287864	lncRNA
23512494	23513602	LINC02557	lncRNA
23521254	23523711	ENSG00000296781	lncRNA
23536821	23547797	PCAT14	lncRNA
23567064	23573507	ENSG00000224277	lncRNA
23573125	23580302	IGLL1	protein_coding
23580880	23583859	ENSG00000272733	lncRNA
23607041	23608407	ENSG00000278655	unprocessed_pseudogene
23608452	23632321	DRICH1	protein_coding
23610329	23610538	ENSG00000275609	processed_pseudogene
23630618	23717423	GUSBP11	lncRNA
23638678	23640425	ENSG00000234353	transcribed_unprocessed_pseudogene
23649213	23653334	ASLP1	transcribed_unprocessed_pseudogene
23659869	23717295	GUSBP11	transcribed_unprocessed_pseudogene
23688136	23699176	RGL4	protein_coding
23738682	23751112	ZNF70	protein_coding
23752743	23754425	VPREB3	protein_coding
23762990	23765863	C22orf15	protein_coding
23765834	23767972	CHCHD10	protein_coding
23768226	23784316	MMP11	protein_coding
23786931	23838009	SMARCB1	protein_coding
23820627	23822557	ENSG00000297571	lncRNA
23834503	23839128	DERL3	protein_coding
23839392	23839892	ENSG00000297590	lncRNA
23839862	23842796	ENSG00000297546	lncRNA
23856416	23857813	ENSG00000272973	lncRNA
23856703	23886312	SLC2A11	protein_coding
23862188	23895223	ENSG00000251357	protein_coding
23865248	23873277	ENSG00000279467	lncRNA
23879493	23879790	RN7SL268P	misc_RNA
23891180	23974441	ENSG00000290199	lncRNA
23894383	23895227	MIF	protein_coding
23894426	23898930	MIF-AS1	lncRNA
23901432	23907068	ENSG00000273295	lncRNA
23926900	23929574	KLHL5P1	processed_pseudogene
23939998	23942798	ENSG00000206090	unprocessed_pseudogene
23949918	23954042	ENSG00000231271	transcribed_unprocessed_pseudogene
23951379	23952819	ENSG00000298765	lncRNA
23957414	23961195	GSTT2B	protein_coding
23960773	23965405	ENSG00000298703	lncRNA
23963780	23964374	ENSG00000228039	transcribed_processed_pseudogene
23966435	23967780	ENSG00000298810	lncRNA
23966888	23972556	DDTL	protein_coding
23969211	23969873	ENSG00000272787	lncRNA
23970542	23980525	DDT	protein_coding
23973552	23974894	ENSG00000298832	lncRNA
23976872	23991421	GSTT3P	transcribed_unprocessed_pseudogene
23976904	23977585	ENSG00000250470	unprocessed_pseudogene
23980058	23983915	GSTT2	protein_coding
23998401	24005453	GSTT4	protein_coding
24005561	24008867	ENSG00000298726	lncRNA
24006189	24008135	ENSG00000298743	lncRNA
24006305	24008258	ENSG00000235689	transcribed_unprocessed_pseudogene
24011192	24178628	CABIN1	protein_coding
24101689	24103354	ENSG00000232545	lncRNA
24133934	24139535	ENSG00000294480	lncRNA
24181487	24189106	SUSD2	protein_coding
24219654	24245108	GGT5	protein_coding
24247862	24265525	POM121L9P	lncRNA
24247937	24251521	ENSG00000300174	lncRNA
24248074	24249466	GGTLC4P	transcribed_unprocessed_pseudogene
24252005	24253289	POM121L9P	transcribed_unprocessed_pseudogene
24257400	24264499	ENSG00000300150	lncRNA
24259929	24263764	BCRP1	transcribed_unprocessed_pseudogene
24269346	24270134	RPS10P29	processed_pseudogene
24270817	24417739	SPECC1L	protein_coding
24270898	24442356	SPECC1L-ADORA2A	protein_coding
24321222	24402695	ENSG00000299949	lncRNA
24417879	24442357	ADORA2A	protein_coding
24429206	24495074	ADORA2A-AS1	lncRNA
24494107	24528390	UPB1	protein_coding
24516508	24518386	ENSG00000228923	lncRNA
24540423	24555935	GUCD1	protein_coding
24555958	24582052	SNRPD3	protein_coding
24556007	24628987	ENSG00000286070	protein_coding
24585620	24593208	LRRC75B	protein_coding
24594811	24629005	GGT1	protein_coding
24598054	24599398	ENSG00000230947	lncRNA
24632820	24653362	BCRP3	lncRNA
24633272	24633443	ENSG00000284233	transcribed_unprocessed_pseudogene
24644791	24650832	BCRP3	transcribed_unprocessed_pseudogene
24645171	24651657	ENSG00000284070	lncRNA
24656771	24659220	ENSG00000295393	lncRNA
24657481	24658765	POM121L10P	transcribed_processed_pseudogene
24659275	24664646	ENSG00000299016	lncRNA
24686168	24686679	ARL5AP4	processed_pseudogene
24686923	24688087	ACTR2P1	processed_pseudogene
24690628	24696033	ENSG00000282012	lncRNA
24700916	24707809	ENSG00000309048	lncRNA
24703348	24703503	ENSG00000237601	processed_pseudogene
24712292	24712520	CRIP1P4	processed_pseudogene
24719034	24774720	PIWIL3	protein_coding
24806169	24927578	SGSM1	protein_coding
24901147	24901214	ENSG00000199783	snoRNA
24935098	24946695	LHFPL7	protein_coding
24952716	25197448	KIAA1671	protein_coding
25009685	25015072	ENSG00000279085	lncRNA
25022594	25024652	ENSG00000279548	lncRNA
25048967	25051966	ENSG00000279006	lncRNA
25052122	25065241	ENSG00000279110	lncRNA
25102417	25112716	KIAA1671-AS1	lncRNA
25111206	25111778	ENSG00000307633	lncRNA
25179309	25179554	STMN3P1	processed_pseudogene
25199858	25207359	CRYBB3	protein_coding
25212085	25213826	ENSG00000236641	lncRNA
25212564	25231870	CRYBB2	protein_coding
25236127	25263815	ENSG00000298663	lncRNA
25251523	25252602	ENSG00000279298	lncRNA
25267648	25283149	ENSG00000233577	lncRNA
25282097	25320227	ENSG00000285968	lncRNA
25282943	25300791	ENSG00000285690	transcribed_unprocessed_pseudogene
25318256	25320080	IGLL3P	transcribed_unprocessed_pseudogene
25327196	25337736	ENSG00000300687	lncRNA
25327252	25339975	ENSG00000230637	transcribed_unprocessed_pseudogene
25349543	25350322	PHF10P2	processed_pseudogene
25351418	25405377	ENSG00000290796	lncRNA
25351612	25405274	LRP5L	transcribed_unprocessed_pseudogene
25412803	25448847	ENSG00000272942	lncRNA
25436312	25436915	ENSG00000272798	lncRNA
25437306	25437823	IGLVIVOR22-1	IG_V_pseudogene
25448053	25540803	CRYBB2P1	lncRNA
25455646	25455711	MIR6817	miRNA
25455712	25459681	CRYBB2P1	transcribed_unprocessed_pseudogene
25476218	25479971	ENSG00000272977	lncRNA
25524674	25565762	GRK3-AS1	lncRNA
25564675	25729294	GRK3	protein_coding
25580241	25581382	ENSG00000237387	lncRNA
25647261	25649232	YES1P1	processed_pseudogene
25680927	25688791	ENSG00000306469	lncRNA
25715041	25715169	RNA5SP494	rRNA_pseudogene
25742144	26031045	MYO18B	protein_coding
25756318	25756669	ENSG00000278960	lncRNA
25876854	25903247	MYO18B-AS1	lncRNA
25959074	25983526	ENSG00000232464	lncRNA
25963983	25964273	RN7SKP169	misc_RNA
26006389	26006532	ENSG00000232050	processed_pseudogene
26056361	26057341	ENSG00000306790	lncRNA
26068864	26164303	LINC02559	lncRNA
26091168	26098643	ENSG00000309274	lncRNA
26161903	26169610	ENSG00000229770	lncRNA
26169462	26383597	SEZ6L	protein_coding
26241331	26254092	SEZ6L-AS1	lncRNA
26390667	26390776	RNA5SP495	rRNA_pseudogene
26422071	26423193	RPS3AP55	processed_pseudogene
26429260	26445015	ASPHD2	protein_coding
26443107	26483931	HPS4	protein_coding
26445445	26451322	ENSG00000307305	lncRNA
26483877	26494658	SRRD	protein_coding
26491225	26512505	TFIP11	protein_coding
26512503	26516383	TFIP11-DT	lncRNA
26521996	26596717	TPST2	protein_coding
26525087	26525574	ENSG00000296814	lncRNA
26555212	26555323	MIR548J	miRNA
26557237	26561624	ENSG00000299773	lncRNA
26560526	26561088	HMGB1P10	transcribed_processed_pseudogene
26590220	26611453	ENSG00000286326	lncRNA
26599278	26618027	CRYBB1	protein_coding
26621963	26630669	CRYBA4	protein_coding
26632009	26647837	ENSG00000309298	lncRNA
26644889	26645336	ISCA2P1	processed_pseudogene
26646363	27004694	MIATNB	lncRNA
26646411	26676478	MIAT	lncRNA
26657521	26657655	ENSG00000278404	misc_RNA
26667693	26672997	ENSG00000206028	lncRNA
26671402	26671550	ENSG00000277941	misc_RNA
26672164	26672248	ENSG00000275942	misc_RNA
26673254	26673630	ENSG00000276991	misc_RNA
26783581	26784399	ENSG00000309348	lncRNA
26886909	26887548	RPL15P22	processed_pseudogene
27019369	27024550	ENSG00000279440	lncRNA
27020663	27023389	ENSG00000308315	lncRNA
27035887	27035991	RNU6-1066P	snRNA
27040197	27041494	ENSG00000279914	lncRNA
27044001	27045315	ENSG00000279848	lncRNA
27048144	27061247	ENSG00000236858	lncRNA
27102766	27107019	ENSG00000280025	lncRNA
27106106	27124756	ENSG00000300936	lncRNA
27124499	27125239	ENSG00000300959	lncRNA
27143478	27159878	ENSG00000231405	lncRNA
27159861	27225134	LINC01638	lncRNA
27187520	27189216	ENSG00000304686	lncRNA
27195232	27205126	ENSG00000238195	lncRNA
27259047	27259851	ENSG00000299465	lncRNA
27276212	27286349	ENSG00000233574	lncRNA
27292307	27318538	ENSG00000223726	lncRNA
27307777	27318501	LINC02554	lncRNA
27320505	27329372	ENSG00000302993	lncRNA
27331616	27379265	ENSG00000230051	lncRNA
27377869	27420702	ENSG00000280445	lncRNA
27436285	27441778	ENSG00000287034	lncRNA
27457125	27460871	ENSG00000227880	lncRNA
27507183	27573612	ENSG00000224027	lncRNA
27602657	27604882	ENSG00000307679	lncRNA
27666516	27669543	ENSG00000289489	lncRNA
27674032	27677788	ENSG00000295865	lncRNA
27675727	27744761	ENSG00000295854	lncRNA
27676559	27714970	CPMER	lncRNA
27707580	27709931	ENSG00000231495	lncRNA
27716480	27721677	ENSG00000226169	lncRNA
27718533	27719179	ENSG00000295876	lncRNA
27719492	27719757	ENSG00000295890	lncRNA
27748277	27801756	MN1	protein_coding
27780528	27782277	ENSG00000301405	lncRNA
27801776	27802058	ENSG00000299103	lncRNA
27825475	27827927	ENSG00000308539	lncRNA
27851669	27920134	PITPNB	protein_coding
27919303	28008581	TTC28-AS1	lncRNA
27919384	27919545	ENSG00000277460	misc_RNA
27920525	27920612	MIR3199-1	miRNA
27920526	27920611	MIR3199-2	miRNA
27922022	27922178	ENSG00000276150	misc_RNA
27924290	27933380	ENSG00000294461	lncRNA
27978014	28679840	TTC28	protein_coding
27994474	27994654	ENSG00000274342	misc_RNA
28002484	28002595	ENSG00000276675	misc_RNA
28056153	28056453	RN7SL757P	misc_RNA
28232756	28232823	SNORD42	snoRNA
28303754	28303850	Y_RNA	misc_RNA
28459869	28459948	MIR5739	miRNA
28642979	28643270	RN7SL162P	misc_RNA
28687743	28742422	CHEK2	protein_coding
28742039	28757515	HSCB	protein_coding
28760111	28769779	ENSG00000295361	lncRNA
28772674	28789301	CCDC117	protein_coding
28794555	28800597	XBP1	protein_coding
28800655	28850593	ENSG00000226471	lncRNA
28814914	28815662	ENSG00000272858	lncRNA
28835893	28836137	BBLNP2	processed_pseudogene
28882598	28884722	ENSG00000302057	lncRNA
28883572	29057488	ZNRF3	protein_coding
28992721	29018620	ZNRF3-IT1	lncRNA
29024999	29031533	ZNRF3-AS1	lncRNA
29058672	29061831	C22orf31	protein_coding
29062096	29069572	ENSG00000295282	lncRNA
29073035	29168333	KREMEN1	protein_coding
29099041	29111683	ENSG00000226772	lncRNA
29134014	29134120	RNU6-810P	snRNA
29191697	29191808	RNU6-1219P	snRNA
29205896	29259597	EMID1	protein_coding
29259872	29268209	RHBDD3	protein_coding
29260889	29262037	ENSG00000237015	lncRNA
29268009	29300525	EWSR1	protein_coding
29296528	29315981	ENSG00000301612	lncRNA
29306618	29312787	GAS2L1	protein_coding
29312933	29319679	RASL10A	protein_coding
29316744	29317220	ENSG00000273216	lncRNA
29327680	29388583	AP1B1	protein_coding
29333158	29333267	ENSG00000280968	miRNA
29333163	29333258	SNORD125	snoRNA
29361068	29435188	ENSG00000290778	lncRNA
29406803	29410767	ENSG00000285697	transcribed_unprocessed_pseudogene
29409067	29478923	RFPL1S	lncRNA
29419155	29423193	ENSG00000242156	transcribed_unprocessed_pseudogene
29432944	29435005	RFPL4AP6	transcribed_unprocessed_pseudogene
29438583	29442455	RFPL1	protein_coding
29480218	29491390	NEFH	protein_coding
29480220	29481113	ENSG00000282816	lncRNA
29505879	29555216	THOC5	protein_coding
29513889	29535390	ENSG00000234208	lncRNA
29554808	29581327	NIPSNAP1	protein_coding
29593785	29597475	ENSG00000296836	lncRNA
29603553	29698598	NF2	protein_coding
29608900	29609501	RPEP4	processed_pseudogene
29705256	29719926	CABP7-DT	lncRNA
29720003	29731833	CABP7	protein_coding
29730956	29767011	ZMAT5	protein_coding
29758758	29758859	Y_RNA	misc_RNA
29767091	29768096	ENSG00000287967	lncRNA
29767369	29770413	UQCR10	protein_coding
29769522	29782188	ENSG00000299803	lncRNA
29788609	29838304	ASCC2	protein_coding
29883169	30030868	MTMR3	protein_coding
29899587	29899693	RNU6-331P	snRNA
30007049	30007113	MIR6818	miRNA
30008740	30080480	HORMAD2-AS1	lncRNA
30046276	30047193	CNN2P1	processed_pseudogene
30080464	30177075	HORMAD2	protein_coding
30105094	30105408	RPL36P17	processed_pseudogene
30136673	30137681	RPS3AP51	processed_pseudogene
30157549	30167922	ENSG00000299076	lncRNA
30182818	30207255	ENSG00000225676	lncRNA
30196958	30198034	ENSG00000299104	lncRNA
30209604	30210403	ENSG00000299123	lncRNA
30216407	30216802	ENSG00000289846	lncRNA
30238784	30240556	LIF-AS1	lncRNA
30240453	30246759	LIF	protein_coding
30246205	30246998	LIF-AS2	lncRNA
30262829	30266851	OSM	protein_coding
30266877	30267283	ENSG00000307596	lncRNA
30269689	30284363	ENSG00000307561	lncRNA
30271079	30272071	ENSG00000289888	lncRNA
30275215	30276951	ENSG00000279699	TEC
30284434	30284796	ENSG00000308679	lncRNA
30285117	30289622	CASTOR1	protein_coding
30285238	30299482	ENSG00000248751	protein_coding
30291990	30326947	TBC1D10A	protein_coding
30331988	30356919	SF3A1	protein_coding
30356635	30378673	CCDC157	protein_coding
30368811	30421771	RNF215	protein_coding
30396941	30425303	SEC14L2	protein_coding
30409255	30428990	ENSG00000249590	protein_coding
30420512	30420912	ENSG00000273350	lncRNA
30421045	30421148	RNU6-564P	snRNA
30421206	30421536	ENSG00000272689	lncRNA
30423830	30424211	ENSG00000303189	lncRNA
30425623	30429054	MTFP1	protein_coding
30432686	30436245	ENSG00000273428	lncRNA
30439837	30440318	SLC39A1P1	processed_pseudogene
30447959	30472017	SEC14L3	protein_coding
30475233	30492804	ENSG00000181123	lncRNA
30481311	30481911	SDC4P	processed_pseudogene
30488902	30505711	SEC14L4	protein_coding
30506594	30514381	ENSG00000304489	lncRNA
30522799	30546741	SEC14L6	protein_coding
30537560	30538732	ENSG00000304318	lncRNA
30542536	30544305	SIRPAP1	processed_pseudogene
30554635	30574665	GAL3ST1	protein_coding
30576625	30607083	PES1	protein_coding
30598309	30606687	ENSG00000223831	lncRNA
30607003	30627271	TCN2	protein_coding
30635781	30669016	SLC35E4	protein_coding
30652051	30667887	DUSP18	protein_coding
30653877	30654814	RPL13AP26	unprocessed_pseudogene
30664961	30674134	ENSG00000288153	unprocessed_pseudogene
30693782	30907824	OSBP2	protein_coding
30731557	30731641	MIR3200	miRNA
30872270	30877082	ENSG00000297138	lncRNA
30902219	30902781	EIF4HP2	processed_pseudogene
30902237	30922261	ENSG00000294008	lncRNA
30922294	30932449	MORC2-AS1	lncRNA
30925130	30968774	MORC2	protein_coding
30969245	30979395	TUG1	protein_coding
30971005	30971149	ENSG00000276664	misc_RNA
30971296	30971382	ENSG00000276057	misc_RNA
30972857	30973093	ENSG00000276965	misc_RNA
30973417	30973597	ENSG00000275307	misc_RNA
30976515	30978848	ENSG00000269987	lncRNA
30977516	30977858	ENSG00000269972	lncRNA
30990425	30992650	ENSG00000308799	lncRNA
31051630	31068327	ENSG00000278920	lncRNA
31059989	31060285	RN7SL633P	misc_RNA
31064105	31104757	SMTN	protein_coding
31082156	31083565	ENSG00000273387	lncRNA
31104772	31120069	SELENOM	protein_coding
31113017	31113396	RPS15AP37	processed_pseudogene
31122731	31134697	INPP5J	protein_coding
31134807	31140508	PLA2G3	protein_coding
31142563	31150286	ENSG00000307556	lncRNA
31155966	31156647	SNRPNP2	processed_pseudogene
31160062	31160119	MIR3928	miRNA
31160182	31207019	RNF185	protein_coding
31204363	31212141	ENSG00000298545	lncRNA
31205264	31205616	RNF185-AS1	lncRNA
31212239	31280080	LIMK2	protein_coding
31222745	31222853	RNU6-1128P	snRNA
31230071	31230172	Y_RNA	misc_RNA
31281594	31292534	PIK3IP1	protein_coding
31292499	31338021	PIK3IP1-DT	lncRNA
31292859	31293840	ENSG00000294819	lncRNA
31305404	31305512	RNA5SP496	rRNA_pseudogene
31325804	31346346	PATZ1	protein_coding
31346745	31348719	LINC01521	lncRNA
31388733	31388837	RNU6-338P	snRNA
31399604	31528740	DRG1	protein_coding
31436977	31496108	EIF4ENIF1	protein_coding
31452881	31464304	ENSG00000240591	lncRNA
31479383	31479489	RNU6-28P	snRNA
31488688	31618588	SFI1	protein_coding
31490150	31491022	ENSG00000287817	lncRNA
31521199	31521592	H2AZP6	processed_pseudogene
31538352	31538589	RPS26P59	processed_pseudogene
31559483	31559939	RPS18P14	processed_pseudogene
31586699	31593440	ENSG00000296570	lncRNA
31618491	31662221	PISD	protein_coding
31621467	31621531	MIR7109	miRNA
31676256	31750140	PRR14L	protein_coding
31753867	31908033	DEPDC5	protein_coding
31754899	31956243	ENSG00000285404	protein_coding
31757202	31757498	RN7SL20P	misc_RNA
31816379	31817491	RPL17P52	processed_pseudogene
31837238	31837298	RNU6-201P	snRNA
31890344	31891434	ENSG00000227813	processed_pseudogene
31893262	31895617	ENSG00000298701	lncRNA
31907140	31945518	YWHAH-AS1	lncRNA
31927208	31927584	ENSG00000306617	lncRNA
31944522	31957603	YWHAH	protein_coding
31963357	31970400	ENSG00000227519	lncRNA
31970817	32037995	LINC02558	lncRNA
31981147	31981427	RN7SL305P	misc_RNA
32039490	32039896	RPS17P16	processed_pseudogene
32043261	32113029	SLC5A1	protein_coding
32114899	32121669	ENSG00000300724	lncRNA
32121931	32143398	AP1B1P1	lncRNA
32129689	32130612	ENSG00000237439	transcribed_unprocessed_pseudogene
32132317	32132507	AP1B1P1	transcribed_unprocessed_pseudogene
32134028	32134133	AP1B1P2	unprocessed_pseudogene
32149006	32159322	C22orf42	protein_coding
32159454	32160392	ENSG00000230120	lncRNA
32188400	32188487	ENSG00000275656	misc_RNA
32190435	32205073	RFPL2	protein_coding
32199919	32200234	IGLCOR22-1	IG_C_pseudogene
32205115	32278382	SLC5A4-AS1	lncRNA
32218464	32255347	SLC5A4	protein_coding
32265891	32355071	ENSG00000289873	lncRNA
32269381	32273110	CPSF1P1	transcribed_processed_pseudogene
32284683	32285131	ENSG00000273325	lncRNA
32327064	32343105	ENSG00000234626	lncRNA
32354885	32361161	RFPL3	protein_coding
32356676	32356988	IGLCOR22-2	IG_C_pseudogene
32359886	32382106	RFPL3S	lncRNA
32362972	32363059	ENSG00000274617	misc_RNA
32368497	32368567	ENSG00000274170	misc_RNA
32376664	32384343	ENSG00000230736	lncRNA
32376682	32377135	IGLVIVOR22-2	IG_V_pseudogene
32383786	32385631	ENSG00000241954	lncRNA
32386668	32386868	RGL4P1	unprocessed_pseudogene
32387582	32412248	RTCB	protein_coding
32412315	32427241	ENSG00000295501	lncRNA
32413845	32464484	BPIFC	protein_coding
32474676	32498829	FBXO7	protein_coding
32507820	33058381	SYN3	protein_coding
32532837	32534993	ENSG00000299801	lncRNA
32580121	32584204	SYN3-AS1	lncRNA
32604646	32607751	ENSG00000299145	lncRNA
32635102	32635198	RNA5SP497	rRNA_pseudogene
32641197	32655339	ENSG00000309773	lncRNA
32783177	32784982	ENSG00000229673	lncRNA
32801705	32863041	TIMP3	protein_coding
33014980	33015461	ETFRF1P1	processed_pseudogene
33025593	33052539	ENSG00000300892	lncRNA
33066663	33074030	ENSG00000295622	lncRNA
33071166	33145897	LINC01640	lncRNA
33105383	33106059	ENSG00000228622	lncRNA
33137140	33137338	ENSG00000233632	processed_pseudogene
33162226	33922841	LARGE1	protein_coding
33164063	33166439	ENSG00000232073	lncRNA
33203493	33218330	ENSG00000295601	lncRNA
33320865	33322813	ENSG00000230741	lncRNA
33334568	33335616	ENSG00000302643	lncRNA
33436582	33436669	MIR4764	miRNA
33704786	33704920	SNORA50B	snoRNA
33704786	33704922	ENSG00000281295	snoRNA
33723832	33724912	LARGE-IT1	lncRNA
33725007	33750843	LARGE-AS1	lncRNA
33921211	33923049	LARGE1-AS1	lncRNA
34017402	34218796	LINC01643	lncRNA
34102433	34105677	ENSG00000304411	lncRNA
34191194	34210663	ENSG00000224404	lncRNA
34262017	34288263	ENSG00000302840	lncRNA
34277105	34284837	ENSG00000302858	lncRNA
34349633	34363204	ENSG00000296466	lncRNA
34589085	34591278	ACO2P1	processed_pseudogene
34629000	34633677	ENSG00000297940	lncRNA
34629432	34665933	ENSG00000280356	lncRNA
34703126	34704885	ENSG00000234891	lncRNA
34711569	34724919	ENSG00000237316	lncRNA
34756665	35002862	LINC02885	lncRNA
35066136	35087387	ISX	protein_coding
35075867	35231064	LINC01399	lncRNA
35122661	35127419	ENSG00000273068	lncRNA
35164304	35165347	ENSG00000238153	processed_pseudogene
35194699	35194942	LINC01399	transcribed_processed_pseudogene
35232631	35258387	ENSG00000303430	lncRNA
35241465	35255753	ENSG00000303454	lncRNA
35249772	35249833	RNU7-167P	snRNA
35257452	35295807	HMGXB4	protein_coding
35298838	35299541	ENSG00000273176	lncRNA
35299275	35347992	TOM1	protein_coding
35335640	35335758	MIR3909	miRNA
35336721	35336799	MIR6069	miRNA
35372174	35372621	ENSG00000282602	lncRNA
35376422	35377261	ENSG00000282041	lncRNA
35380361	35394214	HMOX1	protein_coding
35400134	35425431	MCM5	protein_coding
35501861	35503586	TRMT112P8	processed_pseudogene
35526932	35527415	ENSG00000273044	lncRNA
35540831	35553999	RASD2	protein_coding
35563570	35587706	ENSG00000304364	lncRNA
35591913	35598380	ENSG00000304386	lncRNA
35603958	35604880	ENSG00000288777	lncRNA
35606764	35637951	MB	protein_coding
35626988	35635134	ENSG00000268818	lncRNA
35648446	35668404	APOL6	protein_coding
35685940	35689373	ENSG00000228587	lncRNA
35703803	35704176	MRPS16P3	processed_pseudogene
35717872	35729483	APOL5	protein_coding
35738736	36028824	RBFOX2	protein_coding
35834402	35836801	ENSG00000294483	lncRNA
35838259	35839935	ENSG00000294512	lncRNA
35838583	35838657	ENSG00000293594	transcribed_processed_pseudogene
35897270	35898404	NDUFA9P1	processed_pseudogene
35992321	36000469	ENSG00000279652	lncRNA
36030589	36038797	ENSG00000299784	lncRNA
36056391	36066064	ENSG00000307640	lncRNA
36066533	36070110	ENSG00000279927	lncRNA
36071000	36085573	ENSG00000279217	lncRNA
36091148	36093352	ENSG00000279714	lncRNA
36133017	36135553	ENSG00000304491	lncRNA
36137430	36139350	ENSG00000279805	TEC
36139792	36166177	APOL3	protein_coding
36172422	36172779	MTCO1P20	processed_pseudogene
36172934	36173948	MTCO2P20	processed_pseudogene
36174261	36174822	MTATP6P20	processed_pseudogene
36175167	36175854	MTCO3P20	processed_pseudogene
36175857	36176526	MTCYBP34	processed_pseudogene
36178554	36179385	MTND1P10	processed_pseudogene
36189124	36204840	APOL4	protein_coding
36220535	36222148	ENSG00000288778	lncRNA
36226209	36239954	APOL2	protein_coding
36253071	36267530	APOL1	protein_coding
36281280	36388010	MYH9	protein_coding
36286847	36286907	MIR6819	miRNA
36335217	36343530	ENSG00000287269	lncRNA
36387774	36424052	MYH9-DT	lncRNA
36421273	36421644	RPS15AP38	processed_pseudogene
36440880	36440970	Y_RNA	misc_RNA
36445067	36462247	ENSG00000228719	lncRNA
36465701	36466416	ENSG00000297762	lncRNA
36467046	36481640	TXN2	protein_coding
36471206	36472146	ENSG00000294928	lncRNA
36487190	36507221	FOXRED2	protein_coding
36510855	36529184	EIF3D	protein_coding
36525246	36528109	ENSG00000302270	lncRNA
36536656	36537604	ENSG00000188078	unprocessed_pseudogene
36552165	36552700	ENSG00000229971	lncRNA
36560857	36703752	CACNG2	protein_coding
36560870	36562915	ENSG00000261675	lncRNA
36703577	36753050	CACNG2-DT	lncRNA
36754086	36755731	ENSG00000287773	lncRNA
36758202	36776256	IFT27	protein_coding
36766478	36769022	ENSG00000286485	lncRNA
36800684	36819479	PVALB	protein_coding
36816326	36819736	ENSG00000234979	lncRNA
36847367	36870486	NCF4-AS1	lncRNA
36860988	36878017	NCF4	protein_coding
36888030	36902025	ENSG00000309920	lncRNA
36911035	36926023	ENSG00000304449	lncRNA
36913628	36940439	CSF2RB	protein_coding
36950084	36954665	ENSG00000309254	lncRNA
36950529	36953723	CSF2RBP1	transcribed_unprocessed_pseudogene
36957765	36963497	ENSG00000304026	lncRNA
36965248	36968172	LL22NC01-81G9.3	lncRNA
36991120	37007851	CIMIP4	protein_coding
37010859	37020183	TST	protein_coding
37013225	37013319	Y_RNA	misc_RNA
37019635	37029821	MPST	protein_coding
37033082	37035517	ENSG00000287236	lncRNA
37043858	37051314	ENSG00000306187	lncRNA
37051739	37063390	KCTD17	protein_coding
37055033	37055347	RN7SKP214	misc_RNA
37065436	37109713	TMPRSS6	protein_coding
37080068	37082847	ENSG00000231467	lncRNA
37109686	37110676	ENSG00000294412	lncRNA
37118666	37175118	IL2RB	protein_coding
37166743	37182931	ENSG00000235237	lncRNA
37180166	37199385	C1QTNF6	protein_coding
37202652	37203900	ENSG00000294472	lncRNA
37204237	37212477	SSTR3	protein_coding
37215738	37215891	RPL39P41	processed_pseudogene
37225270	37259594	RAC2	protein_coding
37266176	37274650	ENSG00000296310	lncRNA
37282027	37315341	CYTH4	protein_coding
37291179	37337357	ENSG00000298470	lncRNA
37318887	37324490	ENSG00000298537	lncRNA
37334637	37340504	ENSG00000298513	lncRNA
37339565	37427445	ELFN2	lncRNA
37339569	37355297	ENSG00000237862	lncRNA
37367960	37427479	ELFN2	protein_coding
37371684	37372858	ENSG00000272694	lncRNA
37427212	37459110	ENSG00000298484	lncRNA
37469063	37486393	MFNG	protein_coding
37490362	37519542	CARD10	protein_coding
37522752	37546136	ENSG00000305681	lncRNA
37549972	37551735	ENSG00000225867	lncRNA
37560480	37569405	CDC42EP1	protein_coding
37570248	37582616	LGALS2	protein_coding
37578669	37578922	Metazoa_SRP	misc_RNA
37601940	37602722	ENSG00000310096	lncRNA
37603925	37608705	ENSG00000298665	lncRNA
37608474	37633564	GGA1	protein_coding
37634654	37656117	SH3BP1	protein_coding
37639693	37666932	ENSG00000285304	protein_coding
37641832	37658377	PDXP-DT	lncRNA
37658723	37666932	PDXP	protein_coding
37669464	37669739	RN7SL385P	misc_RNA
37675636	37679802	LGALS1	protein_coding
37676833	37677284	ENSG00000302134	lncRNA
37681673	37693476	NOL12	protein_coding
37686414	37726503	ENSG00000100101	protein_coding
37697048	37776556	TRIOBP	protein_coding
37744310	37751839	ENSG00000307365	lncRNA
37805226	37807436	ENSG00000299971	lncRNA
37805229	37807432	H1-0	protein_coding
37807905	37817176	GCAT	protein_coding
37823382	37825485	GALR3	protein_coding
37830855	37849327	ANKRD54	protein_coding
37844272	37844371	MIR658	miRNA
37847678	37847774	MIR659	miRNA
37848868	37889407	EIF3L	protein_coding
37876148	37895563	ENSG00000279738	lncRNA
37885364	37895450	ENSG00000296723	lncRNA
37891347	37891448	RNU6-900P	snRNA
37905657	37942822	MICALL1	protein_coding
37943050	37944898	ENSG00000278948	TEC
37943050	37953669	C22orf23	protein_coding
37950965	37951778	ENSG00000272582	lncRNA
37952607	38041915	POLR2F	protein_coding
37967563	37967624	MIR6820	miRNA
37970686	37987422	SOX10	protein_coding
37988794	37988853	MIR4534	miRNA
38032165	38034228	ENSG00000222044	lncRNA
38043230	38043920	ENSG00000273214	lncRNA
38056311	38075701	PICK1	protein_coding
38057180	38073940	ENSG00000233739	lncRNA
38078134	38084184	SLC16A8	protein_coding
38084652	38111015	BAIAP2L2	protein_coding
38090127	38091559	ENSG00000272720	lncRNA
38111495	38214778	PLA2G6	protein_coding
38130216	38150612	ENSG00000279080	lncRNA
38194270	38203469	ENSG00000298301	lncRNA
38200767	38216507	MAFF	protein_coding
38219291	38273010	TMEM184B	protein_coding
38231320	38232248	TMEM184B-AS1	lncRNA
38231720	38231993	RN7SL704P	misc_RNA
38281028	38281289	Metazoa_SRP	misc_RNA
38290691	38318084	CSNK1E	protein_coding
38291918	38398522	TPTEP2-CSNK1E	protein_coding
38335300	38398929	ENSG00000291015	lncRNA
38361381	38384096	TPTEP2	transcribed_unprocessed_pseudogene
38387918	38388857	ENSG00000229955	lncRNA
38408314	38423933	ENSG00000286144	lncRNA
38424288	38432308	ENSG00000228620	lncRNA
38426327	38455199	KCNJ4	protein_coding
38434307	38436686	ENSG00000286440	lncRNA
38441894	38444278	ENSG00000307538	lncRNA
38457322	38461677	ENSG00000306993	lncRNA
38468078	38483447	KDELR3	protein_coding
38483438	38507660	DDX17	protein_coding
38506469	38510893	ENSG00000300440	lncRNA
38518948	38570204	DMC1	protein_coding
38570264	38571213	ENSG00000300451	lncRNA
38574931	38575431	RPS29P31	processed_pseudogene
38578118	38656629	FAM227A	protein_coding
38654073	38655547	ENSG00000293718	lncRNA
38656636	38673854	CBY1	protein_coding
38666508	38668750	ENSG00000230912	lncRNA
38667585	38681871	TOMM22-DT	lncRNA
38675876	38677800	ENSG00000287219	lncRNA
38681957	38685421	TOMM22	protein_coding
38685543	38701556	JOSD1	protein_coding
38704848	38705520	ENSG00000295107	lncRNA
38705742	38738299	GTPBP1	protein_coding
38722743	38723505	PRDX3P1	processed_pseudogene
38733290	38794143	SUN2	protein_coding
38734725	38738765	ENSG00000244491	lncRNA
38734730	38738990	ENSG00000230149	lncRNA
38736610	38736792	ENSG00000273096	lncRNA
38739003	38749041	ENSG00000225450	lncRNA
38742625	38743115	ENSG00000272669	lncRNA
38743495	38743910	ENSG00000273076	lncRNA
38778508	38794198	DNAL4	protein_coding
38818452	38844028	NPTXR	protein_coding
38861422	38872249	CBX6	protein_coding
38871700	38925455	ENSG00000288106	lncRNA
38952741	38963184	APOBEC3A	protein_coding
38953737	38954063	ENSG00000305435	lncRNA
38961003	38964043	ENSG00000305420	lncRNA
38982347	38992804	APOBEC3B	protein_coding
38991559	38998209	APOBEC3B-AS1	lncRNA
39014257	39020352	APOBEC3C	protein_coding
39014363	39033276	ENSG00000284554	protein_coding
39021113	39033277	APOBEC3D	protein_coding
39027991	39040693	ENSG00000306709	lncRNA
39040604	39055972	APOBEC3F	protein_coding
39066256	39069975	ENSG00000289963	lncRNA
39070414	39070671	ENSG00000259421	unprocessed_pseudogene
39077067	39087743	APOBEC3G	protein_coding
39091012	39092859	ENSG00000290922	lncRNA
39091586	39092110	ENSG00000225720	transcribed_unprocessed_pseudogene
39096662	39097679	ENSG00000306155	lncRNA
39097224	39104067	APOBEC3H	protein_coding
39120167	39152680	CBX7	protein_coding
39120293	39120566	COX5BP7	processed_pseudogene
39133090	39136760	ENSG00000279833	lncRNA
39144634	39172937	ENSG00000297177	lncRNA
39153789	39214609	ENSG00000297155	lncRNA
39155525	39155945	FUNDC2P4	processed_pseudogene
39213283	39214498	ENSG00000297194	lncRNA
39223359	39244982	PDGFB	protein_coding
39242174	39279897	ENSG00000284633	lncRNA
39279061	39302104	ENSG00000299144	lncRNA
39292988	39295589	ENSG00000224794	lncRNA
39300473	39301041	ENSG00000299161	lncRNA
39304470	39310161	ENSG00000295778	lncRNA
39304529	39310611	ENSG00000295759	lncRNA
39312882	39320389	RPL3	protein_coding
39313819	39313911	SNORD83B	snoRNA
39315213	39315307	SNORD83A	snoRNA
39319050	39319113	SNORD43	snoRNA
39349925	39385575	SYNGR1	protein_coding
39379610	39380015	ENSG00000280216	TEC
39380073	39388843	ENSG00000294968	lncRNA
39399778	39437060	TAB1	protein_coding
39457012	39492194	MGAT3	protein_coding
39475807	39476822	MGAT3-AS1	lncRNA
39499432	39518132	MIEF1	protein_coding
39500471	39502160	ENSG00000303883	lncRNA
39504231	39504443	MIURF	protein_coding
39519695	39522686	ATF4	protein_coding
39529093	39532761	RPS19BP1	protein_coding
39556791	39557610	ENSG00000303612	lncRNA
39570753	39689735	CACNA1I	protein_coding
39722348	39723942	ENSG00000301075	lncRNA
39743044	39893864	ENTHD1	protein_coding
39750127	39751293	MTFR2P2	processed_pseudogene
39874255	39874515	RN7SKP210	misc_RNA
39875289	39876108	UQCRFS1P1	processed_pseudogene
39893820	39894167	ENSG00000296191	lncRNA
39901084	39973721	GRAP2	protein_coding
39960397	39964905	TMA7B	protein_coding
39994954	40043534	FAM83F	protein_coding
40042688	40044586	TNRC6B-DT	lncRNA
40044319	40044512	ENSG00000309925	lncRNA
40044817	40335808	TNRC6B	protein_coding
40106325	40107066	RPL7P52	processed_pseudogene
40260158	40276693	ENSG00000309895	lncRNA
40346461	40390463	ADSL	protein_coding
40346529	40410054	ENSG00000284431	protein_coding
40370591	40410289	SGSM3	protein_coding
40372664	40388290	SGSM3-AS1	lncRNA
40410281	40636719	MRTFA	protein_coding
40415003	40415445	ENSG00000272834	lncRNA
40433136	40433641	ENSG00000227413	processed_pseudogene
40521800	40527933	MRTFA-AS1	lncRNA
40569286	40569895	COX6B1P3	processed_pseudogene
40586700	40588003	RPL4P6	processed_pseudogene
40636981	40637745	ENSG00000301306	lncRNA
40651357	40652146	ENSG00000303151	lncRNA
40651833	40654777	ENSG00000303129	lncRNA
40660779	40684947	ENSG00000289292	lncRNA
40673484	40674451	GAPDHP37	transcribed_processed_pseudogene
40679273	40682812	MCHR1	protein_coding
40685013	40708309	ENSG00000309667	lncRNA
40721457	40741265	ENSG00000302971	lncRNA
40769630	40819399	SLC25A17	protein_coding
40788777	40789267	RFKP4	processed_pseudogene
40798039	40798285	JTBP1	processed_pseudogene
40813883	40813958	MIR4766	miRNA
40824535	40856639	ST13	protein_coding
40856128	40856618	ENSG00000305592	lncRNA
40857077	40932815	XPNPEP3	protein_coding
40859549	40862113	DNAJB7	protein_coding
40917111	40917381	Metazoa_SRP	misc_RNA
40917743	40917846	RNU6-379P	snRNA
40951347	40973309	RBX1	protein_coding
40977056	41021958	ENSG00000304944	lncRNA
41045497	41045591	Y_RNA	misc_RNA
41064052	41064633	RPS9P2	processed_pseudogene
41065554	41065646	Y_RNA	misc_RNA
41074180	41075239	ACTBP15	processed_pseudogene
41087019	41092847	ENSG00000296654	lncRNA
41092510	41180077	EP300	protein_coding
41092513	41092566	MIR1281	miRNA
41141367	41197520	EP300-AS1	lncRNA
41168217	41168316	RNU6-375P	snRNA
41189727	41190188	LRRC37A14P	transcribed_processed_pseudogene
41205282	41231271	L3MBTL2	protein_coding
41207592	41228500	L3MBTL2-AS1	lncRNA
41229510	41240931	CHADL	protein_coding
41244779	41286187	RANGAP1	protein_coding
41252992	41253050	MIR6889	miRNA
41286428	41287373	ENSG00000304876	lncRNA
41301525	41360147	ZC3H7B	protein_coding
41366135	41381281	ENSG00000298609	lncRNA
41367333	41399326	TEF	protein_coding
41377177	41377283	RNU6-495P	snRNA
41414042	41423304	ENSG00000301754	lncRNA
41430934	41431375	ENSG00000273424	lncRNA
41433492	41446801	TOB2	protein_coding
41446935	41447749	ENSG00000289841	lncRNA
41447830	41529273	ACO2	protein_coding
41447871	41448570	ENSG00000301767	lncRNA
41459717	41468692	PHF5A	protein_coding
41525799	41544606	POLR3H	protein_coding
41551699	41561009	ENSG00000286491	lncRNA
41555849	41556510	ENSG00000297861	lncRNA
41561010	41577741	CSDC2	protein_coding
41576900	41589871	PMM1	protein_coding
41598028	41621043	DESI1	protein_coding
41621163	41664048	XRCC6	protein_coding
41648089	41648190	Y_RNA	misc_RNA
41673933	41690504	SNU13	protein_coding
41676745	41677125	ENSG00000285531	processed_pseudogene
41679711	41679817	RNU6-476P	snRNA
41688877	41698136	C22orf46P	lncRNA
41690628	41698136	C22orf46P	transcribed_unitary_pseudogene
41699503	41799456	MEI1	protein_coding
41709225	41709489	HMGN2P10	processed_pseudogene
41722043	41722131	RNU6ATAC22P	snRNA
41747312	41747413	Y_RNA	misc_RNA
41800679	41832164	CCDC134	protein_coding
41831215	41834665	SREBF2-AS1	lncRNA
41833105	41907306	SREBF2	protein_coding
41900944	41901012	MIR33A	miRNA
41909543	41915074	SHISA8	protein_coding
41913490	41916104	ENSG00000304470	lncRNA
41922032	41926806	TNFRSF13C	protein_coding
41923222	41923297	MIR378I	miRNA
41927514	41947152	CENPM	protein_coding
41947194	41958939	SMIM45	protein_coding
41969443	41998221	SEPTIN3	protein_coding
41981304	41982217	ENSG00000224883	lncRNA
41989161	41998684	ENSG00000301540	lncRNA
41998725	42058456	WBP2NL	protein_coding
42000201	42001991	ENSG00000293202	lncRNA
42001069	42001966	SLC25A5P1	transcribed_processed_pseudogene
42058334	42070842	NAGA	protein_coding
42070949	42071488	ENSG00000286659	lncRNA
42074248	42079438	PHETA2	protein_coding
42076058	42076161	SNORD13P1	snoRNA
42079070	42079950	ENSG00000309045	lncRNA
42079691	42084284	SMDT1	protein_coding
42085526	42090884	NDUFA6	protein_coding
42089630	42090028	ENSG00000270083	lncRNA
42090931	42137742	NDUFA6-DT	lncRNA
42107765	42108953	OLA1P1	processed_pseudogene
42126499	42130865	CYP2D6	protein_coding
42132543	42132998	ENSG00000227370	transcribed_processed_pseudogene
42136433	42139927	ENSG00000232710	lncRNA
42138060	42139726	ENSG00000281538	lncRNA
42140203	42149500	CYP2D7	protein_coding
42149832	42152501	ENSG00000303069	lncRNA
42149886	42155001	CYP2D8P	transcribed_unprocessed_pseudogene
42160013	42343616	TCF20	protein_coding
42183827	42207600	ENSG00000288719	lncRNA
42269703	42279534	OGFRP1	lncRNA
42363671	42369300	LINC01315	lncRNA
42380407	42432403	NFAM1	protein_coding
42436875	42437984	ENSG00000299904	lncRNA
42437710	42450848	ENSG00000230107	lncRNA
42500254	42512564	SERHL	lncRNA
42500671	42512237	SERHL	transcribed_unitary_pseudogene
42502024	42503347	ENSG00000295474	lncRNA
42507982	42519800	RRP7A	protein_coding
42519303	42530333	ENSG00000295412	lncRNA
42553617	42574382	SERHL2	protein_coding
42555212	42582039	RRP7BP	lncRNA
42565048	42565330	RN7SKP80	misc_RNA
42569147	42569250	RNU6-513P	snRNA
42574733	42582001	RRP7BP	transcribed_unprocessed_pseudogene
42581083	42584588	ENSG00000295452	lncRNA
42583721	42614962	POLDIP3	protein_coding
42583836	42627688	ENSG00000289517	protein_coding
42608732	42612662	ENSG00000295434	lncRNA
42614636	42626375	ENSG00000270022	lncRNA
42615244	42615393	RNU12	snRNA
42615730	42720870	CYB5R3	protein_coding
42639803	42640601	ATP5MGL	protein_coding
42692121	42721298	A4GALT	protein_coding
42742802	42744787	ENSG00000303951	lncRNA
42762860	42762959	Y_RNA	misc_RNA
42776406	42777296	RPL5P34	processed_pseudogene
42784462	42787100	GOLGA2P4	transcribed_unprocessed_pseudogene
42785230	42795688	ENSG00000307819	lncRNA
42787588	42791148	ENSG00000307847	lncRNA
42791814	42794313	ADAMTS7P5	processed_pseudogene
42796502	42858106	ARFGAP3	protein_coding
42835412	43015149	PACSIN2	protein_coding
42853403	42853799	COA1P1	processed_pseudogene
42857027	42872515	ENSG00000307798	lncRNA
43015375	43058506	TTLL1-AS1	lncRNA
43039516	43089419	TTLL1	protein_coding
43092167	43092524	RPS25P10	processed_pseudogene
43110750	43129712	BIK	protein_coding
43132209	43143398	MCAT	protein_coding
43151547	43163242	TSPO	protein_coding
43166622	43187134	TTLL12	protein_coding
43197280	43343372	SCUBE1	protein_coding
43212674	43213661	SCUBE1-AS2	lncRNA
43232141	43239010	ENSG00000234892	lncRNA
43275955	43283830	SCUBE1-AS1	lncRNA
43373103	43393260	ENSG00000299223	lncRNA
43399604	43409728	LINC01639	lncRNA
43411196	43507848	MPPED1	protein_coding
43507824	43513727	ENSG00000286801	lncRNA
43516107	43560063	EFCAB6-AS1	lncRNA
43528744	43812337	EFCAB6	protein_coding
43759199	43759910	ENSG00000233157	processed_pseudogene
43776660	43782143	ENSG00000299489	lncRNA
43802544	43802772	HMGN2P9	processed_pseudogene
43811869	43817906	EFCAB6-DT	lncRNA
43820705	43825944	ENSG00000299503	lncRNA
43824509	43862513	SULT4A1	protein_coding
43842564	43843281	ENSG00000299520	lncRNA
43879678	43892013	PNPLA5	protein_coding
43922897	43924624	ENSG00000304926	lncRNA
43923792	43964488	PNPLA3	protein_coding
43955442	44010531	SAMM50	protein_coding
43957027	43957348	RPL35AP36	processed_pseudogene
43999211	44172939	PARVB	protein_coding
44102779	44116232	ENSG00000279175	lncRNA
44139365	44153626	ENSG00000280434	lncRNA
44172956	44219533	PARVG	protein_coding
44181200	44182704	ENSG00000298339	lncRNA
44183031	44187739	ENSG00000279933	TEC
44210442	44229512	ENSG00000280011	lncRNA
44243665	44312951	SHISAL1	protein_coding
44312936	44315159	ENSG00000298486	lncRNA
44337460	44340286	ENSG00000296820	lncRNA
44352888	44354626	ENSG00000296842	lncRNA
44365551	44366284	ENSG00000220702	lncRNA
44368978	44411721	ENSG00000301322	lncRNA
44413485	44414814	SKP1P4	processed_pseudogene
44443290	44444793	LINC01656	lncRNA
44483495	44483717	MRPS18CP6	processed_pseudogene
44486295	44486914	ENSG00000279642	TEC
44492583	44498233	RTL6	protein_coding
44566965	44568247	KRT18P23	processed_pseudogene
44569285	44572468	LINC00207	lncRNA
44606289	44625431	LINC00229	lncRNA
44624072	44624796	ENSG00000308520	lncRNA
44651835	44652379	ANP32BP2	processed_pseudogene
44660880	44668470	ENSG00000297748	lncRNA
44668547	44737681	PRR5	protein_coding
44675743	44676971	ENSG00000306608	lncRNA
44702233	44862706	PRR5-ARHGAP8	protein_coding
44706260	44710768	ENSG00000309628	lncRNA
44752558	44862788	ARHGAP8	protein_coding
44881162	45010005	PHF21B	protein_coding
44901547	44902471	ENSG00000293370	lncRNA
44901592	44902430	RPL6P28	transcribed_processed_pseudogene
45000565	45003619	ENSG00000230922	lncRNA
45024161	45074205	ENSG00000308760	lncRNA
45072522	45091185	ENSG00000308781	lncRNA
45133020	45163862	NUP50-DT	lncRNA
45155539	45156011	ENSG00000273243	lncRNA
45163925	45188017	NUP50	protein_coding
45178990	45179310	ENSG00000273353	lncRNA
45192244	45240894	KIAA0930	protein_coding
45200954	45201019	MIR1249	miRNA
45246605	45246945	ENSG00000293744	lncRNA
45254431	45269169	ENSG00000273287	lncRNA
45268313	45269063	ENSG00000298378	lncRNA
45273650	45284828	ENSG00000301739	lncRNA
45275599	45276085	ENSG00000213752	processed_pseudogene
45284949	45295874	UPK3A	protein_coding
45308968	45341955	FAM118A	protein_coding
45344063	45413619	SMC1B	protein_coding
45413693	45432509	RIBC2	protein_coding
45435692	45448743	ENSG00000232363	lncRNA
45502238	45601135	FBLN1	protein_coding
45604413	45639173	LINC01589	lncRNA
45624531	45624632	RNU6-1161P	snRNA
45639639	45656759	ENSG00000307862	lncRNA
45657019	45680130	ENSG00000280383	lncRNA
45671798	45845307	ATXN10	protein_coding
45760524	45760598	MIR4762	miRNA
45792418	45793636	TRNT1P2	processed_pseudogene
45864600	45865179	ENSG00000294602	lncRNA
45875932	45894416	ENSG00000279954	lncRNA
45875967	45891465	ENSG00000235091	lncRNA
45909555	45911792	ENSG00000297345	lncRNA
45920366	45977162	WNT7B	protein_coding
46006616	46010777	ENSG00000280424	TEC
46010951	46014320	ENSG00000293884	lncRNA
46013240	46015503	ENSG00000273145	lncRNA
46020769	46028081	ENSG00000300548	lncRNA
46036104	46041098	ENSG00000303445	lncRNA
46039907	46048412	LINC00899	lncRNA
46044913	46116382	MIRLET7BHG	lncRNA
46049478	46054144	PRR34	lncRNA
46055740	46058160	ENSG00000231010	lncRNA
46062901	46063814	ENSG00000303537	lncRNA
46067061	46071539	LINC02939	lncRNA
46069752	46070807	ENSG00000289044	lncRNA
46080557	46081995	ENSG00000303516	lncRNA
46083504	46085878	ENSG00000303492	lncRNA
46091044	46091126	MIR3619	miRNA
46112749	46112822	MIRLET7A3	miRNA
46113566	46113657	MIR4763	miRNA
46113686	46113768	MIRLET7B	miRNA
46129589	46144031	ENSG00000310052	lncRNA
46134666	46151394	ENSG00000310037	lncRNA
46150521	46243755	PPARA	protein_coding
46161037	46172233	ENSG00000310070	lncRNA
46163303	46165347	ENSG00000280384	lncRNA
46244011	46250311	CDPF1	protein_coding
46245907	46255719	ENSG00000310243	lncRNA
46250385	46252188	ENSG00000289858	lncRNA
46255663	46263343	PKDREJ	protein_coding
46267961	46294008	TTC38	protein_coding
46295143	46296660	GTSE1-DT	lncRNA
46296870	46330810	GTSE1	protein_coding
46330875	46357340	TRMU	protein_coding
46360834	46537620	CELSR1	protein_coding
46376983	46384775	ENSG00000297903	lncRNA
46481329	46481760	FAM136EP	processed_pseudogene
46537892	46557010	LINC02925	lncRNA
46540752	46561662	ENSG00000306064	lncRNA
46576012	46679790	GRAMD4	protein_coding
46590530	46592888	ENSG00000299567	lncRNA
46684410	46738252	CERK	protein_coding
46746105	46749412	ENSG00000300169	lncRNA
46761879	46762613	TBC1D22A-DT	lncRNA
46762617	47175699	TBC1D22A	protein_coding
46914092	46916042	TBC1D22A-AS1	lncRNA
47115838	47117217	ENSG00000278881	TEC
47128918	47130046	ENSG00000302054	lncRNA
47230627	47231962	ENSG00000296742	lncRNA
47259366	47261007	ENSG00000280312	TEC
47329227	47373541	ENSG00000224715	lncRNA
47372961	47373702	ENSG00000303026	lncRNA
47402297	47488149	LINC01644	lncRNA
47612231	47631569	LINC00898	lncRNA
47630827	48023004	EPIC1	lncRNA
47632599	47633595	ENSG00000305190	lncRNA
47662559	47663603	ENSG00000232897	processed_pseudogene
47897165	47897564	ENSG00000305206	lncRNA
47916728	47926264	ENSG00000279712	lncRNA
48044710	48048549	ENSG00000235154	lncRNA
48052646	48058275	ENSG00000278890	lncRNA
48139458	48141253	ENSG00000238192	lncRNA
48141404	48143279	ENSG00000229275	lncRNA
48167171	48210333	ENSG00000306452	lncRNA
48254903	48259116	ENSG00000285707	lncRNA
48274364	48274415	MIR3201	miRNA
48278174	48279679	ENSG00000305333	lncRNA
48320412	48333199	ENSG00000288540	lncRNA
48320639	48321540	ENSG00000304445	lncRNA
48340001	48340773	ENSG00000299267	lncRNA
48341555	48342700	ENSG00000306130	lncRNA
48341567	48343977	ENSG00000306112	lncRNA
48345336	48350754	ENSG00000296627	lncRNA
48403462	48415571	ENSG00000285855	lncRNA
48448890	48468515	ENSG00000233179	lncRNA
48474135	48489324	ENSG00000287225	lncRNA
48488060	48489058	ENSG00000297505	lncRNA
48489553	48850912	TAFA5	protein_coding
48538900	48547409	ENSG00000281732	lncRNA
48584381	48584636	ENSG00000294606	lncRNA
48780295	48780353	MIR4535	miRNA
48866770	48898386	LINC01310	lncRNA
48958442	48974823	ENSG00000299733	lncRNA
49036843	49045976	ENSG00000307761	lncRNA
49043919	49052549	NHIP	lncRNA
49147460	49156815	ENSG00000296052	lncRNA
49166421	49188062	ENSG00000285623	lncRNA
49213911	49214247	RPL35P8	processed_pseudogene
49264201	49266080	ENSG00000280199	lncRNA
49284867	49304842	ENSG00000300754	lncRNA
49352495	49354431	ENSG00000300226	lncRNA
49359024	49364008	ENSG00000304424	lncRNA
49369372	49377131	ENSG00000285722	lncRNA
49414523	49658432	MIR3667HG	lncRNA
49460831	49462753	ENSG00000303177	lncRNA
49497483	49524386	ENSG00000298026	lncRNA
49500568	49501585	ENSG00000280224	lncRNA
49526111	49530415	ENSG00000298068	lncRNA
49534062	49534926	ENSG00000279597	lncRNA
49536556	49541598	ENSG00000298045	lncRNA
49543393	49543466	MIR3667	miRNA
49548681	49556473	ENSG00000212939	lncRNA
49572264	49575427	ENSG00000213279	lncRNA
49575623	49576120	ENSG00000298130	lncRNA
49614897	49616165	ENSG00000298102	lncRNA
49630265	49631394	ENSG00000288834	lncRNA
49660056	49662007	ENSG00000298965	lncRNA
49662312	49664968	ENSG00000286393	lncRNA
49668698	49669409	ENSG00000307928	lncRNA
49718053	49724506	ENSG00000226954	lncRNA
49738677	49739003	RN7SKP252	misc_RNA
49757627	49758980	RPL5P35	unprocessed_pseudogene
49773278	49827873	BRD1	protein_coding
49805452	49807208	ENSG00000279345	lncRNA
49817248	49817712	ENSG00000236867	processed_pseudogene
49832449	49838901	ENSG00000260613	lncRNA
49845260	49848697	ENSG00000309455	lncRNA
49845929	49846090	ENSG00000229409	processed_pseudogene
49846456	49846720	Metazoa_SRP	misc_RNA
49851425	49853364	ENSG00000279494	lncRNA
49853844	49897383	ZBED4	protein_coding
49900229	49918438	ALG12	protein_coding
49902228	49904576	ENSG00000273192	lncRNA
49918167	49927540	CRELD2	protein_coding
49933184	49935331	ENSG00000278869	lncRNA
49934414	49935203	ENSG00000304008	lncRNA
49947203	49949105	ENSG00000297074	lncRNA
49951368	49952531	ENSG00000301505	lncRNA
49952577	49955116	ENSG00000299581	lncRNA
49960768	49964072	PIM3	protein_coding
49962866	49962939	MIR6821	miRNA
49971033	49971317	ENSG00000300623	lncRNA
49991811	50012765	IL17REL	protein_coding
50018575	50058298	TTLL8	protein_coding
50059391	50085426	MLC1	protein_coding
50090006	50161690	MOV10L1	protein_coding
50092745	50096437	ENSG00000280395	lncRNA
50170731	50180295	PANX2	protein_coding
50185913	50199598	TRABD	protein_coding
50191724	50192402	ENSG00000273188	lncRNA
50199049	50201596	TRABD-AS1	lncRNA
50201011	50217616	SELENOO	protein_coding
50205585	50206062	ENSG00000272836	lncRNA
50208461	50209542	SELENOO-AS1	lncRNA
50217689	50245023	TUBGCP6	protein_coding
50244610	50247122	ENSG00000288871	lncRNA
50245183	50251405	HDAC10	protein_coding
50245450	50261716	MAPK12	protein_coding
50263713	50270767	MAPK11	protein_coding
50271905	50274135	ENSG00000294313	lncRNA
50274979	50307646	PLXNB2	protein_coding
50309030	50327012	DENND6B	protein_coding
50314631	50316008	ENSG00000227484	lncRNA
50316035	50317025	ENSG00000279182	lncRNA
50343304	50445090	PPP6R2	protein_coding
50443219	50483923	SBF1	protein_coding
50481543	50486440	ADM2	protein_coding
50486784	50490648	MIOX	protein_coding
50502949	50507702	LMF2	protein_coding
50508224	50524780	NCAPH2	protein_coding
50523568	50526461	SCO2	protein_coding
50523926	50524780	ENSG00000272821	lncRNA
50525752	50530032	TYMP	protein_coding
50529710	50532506	CIMAP1B	protein_coding
50531072	50539152	ENSG00000296451	lncRNA
50537708	50539664	ENSG00000296469	lncRNA
50541108	50543042	ENSG00000273272	lncRNA
50541491	50541847	ENSG00000289947	lncRNA
50542299	50548994	KLHDC7B-DT	lncRNA
50545899	50551023	KLHDC7B	protein_coding
50551112	50562919	SYCE3	protein_coding
50568861	50578465	CPT1B	protein_coding
50568869	50582965	CHKB-CPT1B	protein_coding
50578959	50601455	CHKB	protein_coding
50583026	50597599	CHKB-DT	lncRNA
50600793	50613981	MAPK8IP2	protein_coding
50622754	50628173	ARSA	protein_coding
50628243	50636006	ENSG00000289244	lncRNA
50641978	50653123	ENSG00000308444	lncRNA
50664426	50674856	ENSG00000301328	lncRNA
50669804	50669901	Y_RNA	misc_RNA
50672714	50674336	ENSG00000286508	lncRNA
50674408	50733212	SHANK3	protein_coding
50691260	50691363	RNU6-409P	snRNA
50735813	50738173	ENSG00000225929	lncRNA
50738196	50745339	ACR	protein_coding
50740593	50743520	ENSG00000254499	lncRNA
50754675	50755434	SNRPA1P2	processed_pseudogene
50756831	50801309	ENSG00000291064	lncRNA
50767501	50783667	RABL2B	protein_coding
50797082	50798991	ENSG00000307555	lncRNA
50798655	50799123	RPL23AP82	transcribed_unprocessed_pseudogene
