chr22:10631397:10680825:+	1	1
chr22:10685985:10686108:-	1	1
chr22:10734526:10754425:-	1	1
chr22:10775225:10776653:+	2	1
chr22:10834705:10836273:-	1	1
chr22:10950175:10959066:-	2	1
chr22:11022290:11023109:-	2	1
chr22:11032972:11039590:+	1	1
chr22:11051495:11056837:+	1	1
chr22:11478152:11478569:-	1	1
chr22:11479337:11479495:+	3	1
chr22:11484973:11494250:-	1	1
chr22:11581001:11582608:+	1	1
chr22:11627344:11718167:-	2	1
chr22:11627651:11719489:+	2	1
chr22:11808919:11843936:+	2	1
chr22:11835663:11846226:-	1	1
chr22:11844291:11874135:-	1	1
chr22:11857241:11886584:+	1	1
chr22:11867846:11870839:-	1	1
chr22:11890231:11891781:+	1	1
chr22:11963793:12043162:-	2	1
chr22:12149629:12156841:-	1	1
chr22:12624334:12625316:+	1	1
chr22:15261718:15277586:+	1	1
chr22:15399615:15404022:-	1	1
chr22:15498127:15518504:+	1	1
chr22:15606107:15607161:+	1	1
chr22:15627414:15627646:-	1	1
chr22:15657148:15697113:+	1	1
chr22:15791252:15836086:+	1	1
chr22:15804418:15830883:-	3	1
chr22:15810192:15811257:-	1	1
chr22:15912119:15918786:-	1	1
chr22:16097792:16104675:-	1	1
chr22:16116444:16164946:+	1	1
chr22:16154901:16164942:+	1	1
chr22:16387840:16390135:+	1	1
chr22:16465461:16469792:-	1	1
chr22:16512897:16562210:+	1	1
chr22:16588084:16607105:+	1	1
chr22:16588346:16624423:-	1	1
chr22:16588429:16588979:-	1	1
chr22:16690617:16691974:-	2	1
chr22:16698157:16700313:-	1	1
chr22:16757858:16799405:-	2	1
chr22:16797668:16811883:-	1	1
chr22:16801469:16881008:+	2	1
chr22:16824048:16865932:+	1	1
chr22:16855277:16893474:-	1	1
chr22:16885897:16912676:-	1	1
chr22:16982027:17028214:-	1	1
chr22:17003262:17026711:+	2	1
chr22:17045046:17062965:-	1	1
chr22:17082824:17096655:+	1	1
chr22:17125873:17172860:+	1	1
chr22:17127520:17140482:+	1	1
chr22:17128791:17151726:-	1	1
chr22:17132586:17136466:+	1	1
chr22:17134799:17135784:+	2	1
chr22:17153999:17177979:+	1	1
chr22:17160253:17186906:-	1	1
chr22:17163961:17178481:-	2	1
chr22:17182023:17182603:-	2	1
chr22:17195355:17208628:-	1	1
chr22:17210725:17255903:+	1	1
chr22:17230830:17236783:-	1	1
chr22:17238880:17255889:-	1	1
chr22:17248874:17263045:+	1	1
chr22:17252724:17261942:+	1	1
chr22:17255372:17284844:+	1	1
chr22:17277777:17331959:-	2	1
chr22:17278977:17283216:+	1	1
chr22:17326300:17329922:-	1	1
chr22:17335479:17348126:+	1	1
chr22:17361093:17361281:+	1	1
chr22:17363453:17386895:-	1	1
chr22:17461881:17487970:-	1	1
chr22:17465353:17492994:-	1	1
chr22:17471784:17506903:-	1	1
chr22:17481129:17495647:+	1	1
chr22:17482323:17496134:-	1	1
chr22:17486100:17505964:-	2	1
chr22:17569191:17610841:+	1	1
chr22:17575156:17615324:-	1	1
chr22:17576381:17590666:-	1	1
chr22:17586654:17616222:-	1	1
chr22:17588968:17600340:+	1	1
chr22:17595195:17617956:-	1	1
chr22:17595570:17634682:-	1	1
chr22:17598289:17600026:-	2	1
chr22:17601987:17609242:-	1	1
chr22:17602608:17645041:-	1	1
chr22:17626646:17644923:-	2	1
chr22:17644892:17656432:-	1	1
chr22:17656596:17660105:-	1	1
chr22:17659999:17660927:+	1	1
chr22:17681361:17720885:+	1	1
chr22:17697179:17710320:-	1	1
chr22:17710321:17723807:-	1	1
chr22:17747935:17759579:+	1	1
chr22:17756559:17762899:-	1	1
chr22:17757911:17768922:+	1	1
chr22:17797410:17827164:-	1	1
chr22:17809955:17811807:-	1	1
chr22:17877095:17877436:+	2	1
chr22:17877455:17877481:+	2	1
chr22:17882805:17911584:+	1	1
chr22:17887436:17889033:-	1	1
chr22:17895411:17896245:-	1	1
chr22:17997207:18030262:+	1	1
chr22:18052904:18053112:+	1	1
chr22:18064382:18097818:+	1	1
chr22:18084388:18123717:+	1	1
chr22:18093278:18093587:-	1	1
chr22:18108677:18155038:-	1	1
chr22:18113640:18147429:-	1	1
chr22:18126005:18136288:+	1	1
chr22:18141078:18141183:+	1	1
chr22:18157821:18160171:+	1	1
chr22:18171436:18171597:-	1	1
chr22:18555625:18564718:+	1	1
chr22:18566569:18608269:-	1	1
chr22:18587062:18587413:+	1	1
chr22:18593995:18599983:-	1	1
chr22:19052711:19080630:+	1	1
chr22:19105096:19113831:+	1	1
chr22:19153011:19157586:+	1	1
chr22:19155808:19166424:-	1	1
chr22:19156805:19163688:+	1	1
chr22:19157432:19255399:-	3	1
chr22:19176694:19176845:-	1	1
chr22:19189201:19231377:-	1	1
chr22:19190535:19205310:+	1	1
chr22:19289016:19303134:+	1	1
chr22:19294899:19315347:+	1	1
chr22:19315373:19398859:-	2	1
chr22:19317089:19341102:+	1	1
chr22:19317161:19343421:+	1	1
chr22:19353520:19353995:-	1	1
chr22:19361932:19375630:-	1	1
chr22:19363762:19411498:+	1	1
chr22:19374376:19460971:-	2	1
chr22:19383706:19385520:-	1	1
chr22:19394510:19396786:-	1	1
chr22:19420652:19591401:-	3	1
chr22:19450745:19454748:-	2	1
chr22:19456635:19456852:-	1	1
chr22:19456919:19458070:-	1	1
chr22:19458140:19465201:-	1	1
chr22:19486824:19521382:-	1	1
chr22:19504388:19510049:-	1	1
chr22:19510984:19553419:-	3	1
chr22:19518910:19520480:+	2	1
chr22:19530288:19547926:+	1	1
chr22:19531600:19539267:+	1	1
chr22:19531785:19532257:-	1	1
chr22:19557988:19591478:-	1	1
chr22:19568995:19586578:-	1	1
chr22:19589816:19594821:+	1	1
chr22:19597889:19599418:-	1	1
chr22:19614812:19662950:-	1	1
chr22:19631694:19640733:+	2	1
chr22:19673729:19712686:-	1	1
chr22:19678298:19686622:-	1	1
chr22:19741405:19775252:-	2	1
chr22:19772394:19778522:-	1	1
chr22:19790732:19794878:+	1	1
chr22:19864171:19864497:+	2	1
chr22:19877235:19878089:-	1	1
chr22:19926332:19952490:+	1	1
chr22:19928801:19948749:+	1	1
chr22:19962816:19963565:+	1	1
chr22:19963760:19964167:+	1	1
chr22:20001607:20042566:-	1	1
chr22:20027718:20030589:-	1	1
chr22:20069248:20070765:+	1	1
chr22:20078778:20121881:+	1	1
chr22:20087322:20089668:+	1	1
chr22:20113235:20113431:-	1	1
chr22:20113809:20114573:-	1	1
chr22:20296321:20301484:+	3	1
chr22:20334267:20376821:+	1	1
chr22:20345259:20396128:+	2	1
chr22:20348429:20369852:-	1	1
chr22:20377924:20460363:-	2	1
chr22:20380568:20443766:+	2	1
chr22:20415008:20458391:-	1	1
chr22:20417175:20421401:+	1	1
chr22:20430558:20430689:-	1	1
chr22:20431538:20431744:-	1	1
chr22:20440560:20521879:-	2	1
chr22:20445725:20455024:+	1	1
chr22:20445895:20484155:-	1	1
chr22:20472585:20494229:+	1	1
chr22:20476557:20512884:+	2	1
chr22:20481767:20484155:-	1	1
chr22:20505342:20547601:+	2	1
chr22:20518996:20519597:+	1	1
chr22:20521256:20543370:-	1	1
chr22:20525612:20535959:-	1	1
chr22:20535101:20543354:+	1	1
chr22:20537205:20551435:+	1	1
chr22:20553175:20554935:+	1	1
chr22:20577992:20595303:-	1	1
chr22:20583394:20584358:+	1	1
chr22:20584426:20584854:+	1	1
chr22:20585827:20586567:+	1	1
chr22:20598410:20601438:-	1	1
chr22:20603703:20648602:-	1	1
chr22:20603717:20620007:+	1	1
chr22:20711888:20722329:+	1	1
chr22:20729507:20729631:-	1	1
chr22:20732823:20756787:-	1	1
chr22:20742356:20742607:-	1	1
chr22:20751377:20751673:-	1	1
chr22:20777603:20803766:-	1	1
chr22:20798688:20799092:-	1	1
chr22:20799767:20801972:-	1	1
chr22:20803743:20822125:+	1	1
chr22:20810247:20841955:-	1	1
chr22:20811930:20821932:+	2	1
chr22:20821656:20842098:+	1	1
chr22:20847406:20870956:+	1	1
chr22:20859348:20870336:+	1	1
chr22:20879292:20928140:+	1	1
chr22:20896646:20909803:+	1	1
chr22:20901530:20949188:-	1	1
chr22:20934245:20949710:+	1	1
chr22:20939388:20942768:-	1	1
chr22:20970401:21007289:-	1	1
chr22:20994270:20994557:+	1	1
chr22:21018899:21019456:+	1	1
chr22:21061538:21075164:-	1	1
chr22:21076034:21087961:-	1	1
chr22:21076859:21082599:+	1	1
chr22:21082487:21128877:+	2	1
chr22:21089220:21107796:+	1	1
chr22:21099065:21159267:-	2	1
chr22:21129174:21166544:-	1	1
chr22:21337213:21359604:-	1	1
chr22:21394970:21406605:+	1	1
chr22:21433771:21452567:-	1	1
chr22:21450503:21454287:-	1	1
chr22:21471139:21472581:+	1	1
chr22:21527054:21556121:-	1	1
chr22:21543116:21584407:-	1	1
chr22:21596331:21627829:+	1	1
chr22:21605109:21627694:+	2	1
chr22:21611044:21621514:+	1	1
chr22:21615091:21615490:+	2	1
chr22:21637875:21649843:-	1	1
chr22:21639248:21681571:+	1	1
chr22:21643059:21643893:+	1	1
chr22:21648109:21675482:+	1	1
chr22:21659910:21679400:+	1	1
chr22:21670612:21670996:+	1	1
chr22:21675497:21712136:-	1	1
chr22:21680705:21729475:-	1	1
chr22:21691531:21733263:-	1	1
chr22:21722401:21732764:+	1	1
chr22:21741040:21771568:-	1	0
chr22:21756472:21768450:+	1	1
chr22:21772983:21788256:-	1	1
chr22:21780677:21826525:-	1	1
chr22:21783635:21877746:+	2	1
chr22:21789562:21795083:-	1	1
chr22:21830289:21880182:+	1	1
chr22:21842514:21859400:-	1	1
chr22:21851051:21892842:-	1	1
chr22:21854241:21874542:+	1	1
chr22:21859285:21873676:+	1	1
chr22:21887708:21914272:-	1	1
chr22:21902039:21953756:+	2	1
chr22:21905328:21918963:-	1	1
chr22:21913677:21951519:-	1	1
chr22:21923472:21925568:-	1	1
chr22:21963410:21986139:-	1	1
chr22:21965376:21967602:-	1	1
chr22:21967717:21968618:-	1	1
chr22:21972719:21974356:-	1	1
chr22:22014423:22014858:-	1	1
chr22:22085472:22135136:-	1	1
chr22:22217216:22250225:+	2	1
chr22:22262117:22266622:+	1	1
chr22:22304115:22306832:+	1	1
chr22:22414414:22439140:-	2	1
chr22:22462159:22474151:+	1	1
chr22:22501556:22512026:-	1	1
chr22:22518779:22538082:-	1	1
chr22:22534060:22540868:-	3	1
chr22:22541730:22544746:+	1	1
chr22:22546345:22583863:-	1	1
chr22:22571807:22587741:-	1	1
chr22:22614609:22623378:-	1	1
chr22:22623588:22624127:+	1	1
chr22:22815209:22826548:+	1	1
chr22:22893819:22895374:+	8	1
chr22:22953634:22953836:+	2	1
chr22:23015352:23034434:+	1	1
chr22:23132769:23261821:+	3	1
chr22:23132783:23170916:+	1	1
chr22:23132783:23261834:+	4	1
chr22:23134941:23138330:+	1	1
chr22:23135214:23143165:-	2	1
chr22:23137220:23149665:+	2	1
chr22:23163007:23200653:+	2	1
chr22:23169972:23170607:-	1	1
chr22:23208719:23209079:+	1	1
chr22:23261990:23788493:-	3	1
chr22:23310434:23311696:+	1	1
chr22:23490851:23505346:-	1	1
chr22:23491734:23516111:+	1	1
chr22:23491869:23505294:+	1	1
chr22:23563658:23586686:+	1	1
chr22:23571393:23581769:+	1	1
chr22:23590515:23629274:+	1	1
chr22:23633460:23658551:-	1	1
chr22:23643779:23644104:+	4	1
chr22:23646997:23669429:+	1	1
chr22:23651121:23747767:+	2	1
chr22:23722095:23742122:-	1	1
chr22:23729430:23769015:-	1	1
chr22:23731022:23751984:+	1	1
chr22:23733582:23734053:+	1	1
chr22:23739761:23757248:+	1	1
chr22:23761809:23840663:+	2	1
chr22:23776939:23788536:-	1	1
chr22:23791895:23793558:+	1	1
chr22:23797868:23799360:-	1	1
chr22:23814406:23815274:-	1	1
chr22:23825416:23833571:+	1	1
chr22:23837855:23838351:-	1	1
chr22:23863854:23888102:-	1	1
chr22:23873337:23873358:+	1	1
chr22:23894583:23894771:+	2	1
chr22:23894945:23895039:+	1	1
chr22:23946098:23962619:+	1	1
chr22:23982067:24011094:-	1	1
chr22:24000792:24021915:-	1	1
chr22:24000863:24048584:-	1	1
chr22:24038462:24041138:+	1	1
chr22:24056361:24059226:+	1	1
chr22:24059364:24059923:+	4	1
chr22:24174076:24179387:-	1	1
chr22:24185572:24185660:+	1	1
chr22:24198734:24222053:-	1	1
chr22:24210801:24222108:+	1	1
chr22:24219253:24224304:+	1	1
chr22:24220117:24224995:-	1	1
chr22:24229282:24234694:-	1	1
chr22:24236634:24267429:+	2	1
chr22:24268368:24305420:-	1	1
chr22:24306575:24355004:+	1	1
chr22:24334574:24338385:+	1	1
chr22:24364538:24375824:-	2	1
chr22:24366934:24409527:-	1	1
chr22:24369563:24383300:+	1	1
chr22:24457812:24503012:+	1	0
chr22:24464434:24473848:+	1	1
chr22:24467005:24503144:+	1	1
chr22:24503028:24538923:+	3	1
chr22:24517773:24528987:-	1	1
chr22:24529296:24563651:-	1	1
chr22:24552512:24567486:-	1	1
chr22:24566493:24571049:-	1	1
chr22:24567529:24597456:-	1	1
chr22:24639666:24669762:-	1	1
chr22:24650267:24829428:-	3	1
chr22:24662105:24674788:+	1	1
chr22:24704680:24750520:-	1	1
chr22:24714746:24754631:+	1	1
chr22:24722500:24770609:+	1	1
chr22:24741228:24741558:-	1	1
chr22:24793765:24800664:+	1	1
chr22:24802773:24841082:-	1	1
chr22:24823396:24828986:+	1	1
chr22:24858120:24924196:+	2	1
chr22:24869379:24904297:+	1	1
chr22:24884199:24886599:+	1	1
chr22:24911771:24912088:+	5	1
chr22:24922560:24983857:-	2	1
chr22:24923026:24925254:+	1	1
chr22:24933085:25003971:-	2	1
chr22:24949106:24958387:-	4	1
chr22:24958390:24965480:-	1	1
chr22:24978779:24979090:+	1	1
chr22:24980085:24987711:-	1	1
chr22:25011781:25047615:+	1	1
chr22:25015199:25059440:-	1	1
chr22:25029425:25218722:+	4	1
chr22:25032697:25038759:+	1	1
chr22:25036953:25114359:-	2	1
chr22:25038115:25076053:+	1	1
chr22:25038228:25057732:-	1	1
chr22:25064223:25099673:-	1	1
chr22:25065699:25104035:+	1	1
chr22:25149799:25189113:+	1	1
chr22:25170939:25174239:+	1	1
chr22:25177202:25187773:-	1	1
chr22:25177523:25181698:+	1	1
chr22:25186504:25218563:+	1	1
chr22:25252355:25291493:-	1	1
chr22:25256810:25266376:+	1	1
chr22:25292326:25315538:-	1	1
chr22:25302611:25316295:-	1	1
chr22:25306977:25307831:+	1	1
chr22:25310883:25338937:+	1	1
chr22:25346302:25346428:-	1	1
chr22:25379059:25398874:+	1	1
chr22:25418909:25465347:-	1	1
chr22:25451369:25499919:-	1	1
chr22:25527728:25545162:+	1	1
chr22:25531266:25534108:-	1	1
chr22:25609566:25618008:+	1	1
chr22:25687051:25700817:-	2	1
chr22:25703577:25704108:+	1	1
chr22:25739148:25756847:+	1	1
chr22:25787059:25802597:-	1	1
chr22:25798814:25810547:-	1	1
chr22:25798814:25826641:-	1	1
chr22:25810516:25838280:-	1	1
chr22:25874608:25914684:-	1	1
chr22:25890876:25891827:+	1	1
chr22:25999770:26039938:-	1	1
chr22:26140826:26161057:+	1	1
chr22:26277242:26281655:+	1	1
chr22:26304551:26318114:-	1	1
chr22:26370941:26402476:-	1	1
chr22:26386164:26395580:+	1	1
chr22:26480449:26558418:+	2	1
chr22:26492527:26495253:-	2	1
chr22:26495193:26586346:-	2	1
chr22:26508781:26521497:+	1	1
chr22:26518117:26533788:-	3	1
chr22:26530137:26537457:+	1	1
chr22:26532424:26547241:+	1	1
chr22:26556448:26559273:+	1	1
chr22:26563562:26577581:-	1	1
chr22:26582291:26583153:+	1	1
chr22:26598114:26598614:-	2	1
chr22:26627516:26640228:-	1	1
chr22:26637436:26637983:-	2	1
chr22:26638096:26685079:+	1	1
chr22:26666938:26667184:+	1	1
chr22:26667311:26668157:+	1	1
chr22:26673667:26673687:+	1	1
chr22:26688174:26716477:-	1	1
chr22:26706736:26708161:+	1	1
chr22:26719722:26731549:+	1	1
chr22:26738241:26774155:+	1	1
chr22:26852260:27123464:-	4	1
chr22:26881005:26894397:+	1	1
chr22:26958992:26998076:+	1	1
chr22:27031178:27035254:+	3	1
chr22:27158626:27163242:+	2	1
chr22:27184328:27221245:-	1	1
chr22:27193433:27221676:-	1	1
chr22:27242677:27258535:-	2	1
chr22:27368570:27369338:-	1	1
chr22:27474567:27497191:-	2	1
chr22:27539339:27547023:+	1	1
chr22:27576119:27617952:+	1	1
chr22:27730569:27735359:-	1	1
chr22:27751097:27796762:-	1	1
chr22:27757250:27770944:+	1	1
chr22:27813647:27820468:+	2	1
chr22:27822570:27838603:-	2	1
chr22:27847527:27849254:+	1	1
chr22:27858510:27860130:-	1	1
chr22:27896627:27897129:-	1	1
chr22:27897138:27897800:-	1	1
chr22:27905258:27943191:-	1	1
chr22:27923123:27942435:+	1	1
chr22:27951626:27951655:-	1	1
chr22:28030367:28094079:-	1	1
chr22:28037046:28087040:+	1	1
chr22:28038116:28041194:+	1	1
chr22:28134655:28165133:+	1	1
chr22:28192031:28209877:+	2	1
chr22:28246068:28264256:-	1	1
chr22:28261796:28279610:-	1	1
chr22:28421852:28426128:-	1	1
chr22:28545438:28546214:+	1	1
chr22:28547416:28574349:-	1	1
chr22:28604018:28604152:-	1	1
chr22:28627647:28638880:+	1	1
chr22:28641111:28647624:+	1	1
chr22:28659494:28682961:-	1	1
chr22:28685503:28706175:-	1	1
chr22:28701443:28772098:-	2	1
chr22:28702629:28732193:-	1	1
chr22:28723384:28747970:+	1	1
chr22:28725784:28731470:-	1	1
chr22:28731078:28766400:-	1	1
chr22:28752930:28791900:+	1	1
chr22:28777624:28785302:-	2	1
chr22:28795733:28796046:-	1	1
chr22:28796193:28797076:-	2	1
chr22:28797206:28799056:-	2	1
chr22:28797719:28804591:+	1	1
chr22:28799154:28800297:-	2	1
chr22:28809442:28820024:+	1	1
chr22:28810022:28825346:+	1	1
chr22:28820652:28861845:-	1	1
chr22:28839337:28845367:+	2	1
chr22:28845181:28845390:+	1	1
chr22:28859912:28886014:+	3	1
chr22:28860055:28898925:+	1	1
chr22:28869177:28875962:+	1	1
chr22:28893641:28894099:+	1	1
chr22:28893641:28902079:+	1	1
chr22:28907287:28919800:-	1	1
chr22:28916354:28928789:-	1	1
chr22:28956218:28959764:-	1	1
chr22:28991212:28997933:+	1	1
chr22:28999058:29007376:-	1	1
chr22:29015781:29051316:+	1	1
chr22:29047034:29075702:-	1	1
chr22:29064786:29070191:-	1	1
chr22:29091745:29105470:-	1	1
chr22:29108982:29124517:+	1	1
chr22:29134265:29149025:-	1	1
chr22:29179609:29197174:-	1	1
chr22:29197715:29263013:-	2	1
chr22:29215040:29215526:+	1	1
chr22:29248728:29296935:+	1	1
chr22:29261814:29262297:-	1	1
chr22:29278217:29286922:+	1	1
chr22:29278872:29305794:+	2	1
chr22:29296369:29297826:+	3	1
chr22:29298896:29299233:+	1	1
chr22:29299332:29299598:+	1	1
chr22:29306805:29336531:+	2	1
chr22:29331917:29334264:-	1	1
chr22:29333955:29336693:-	1	1
chr22:29344562:29344600:-	1	0
chr22:29359960:29363000:-	1	1
chr22:29362461:29388990:-	1	1
chr22:29366884:29487644:-	3	1
chr22:29368800:29389262:-	1	1
chr22:29373685:29422360:-	1	1
chr22:29375297:29450945:+	1	1
chr22:29384558:29392373:-	1	1
chr22:29460838:29496883:+	1	1
chr22:29465142:29466667:-	1	1
chr22:29491637:29527192:+	1	1
chr22:29511297:29512020:-	1	1
chr22:29519121:29520007:-	2	1
chr22:29522091:29526272:-	1	1
chr22:29523129:29572686:-	1	1
chr22:29538065:29560329:-	1	1
chr22:29539477:29542858:-	1	1
chr22:29561203:29561505:-	1	1
chr22:29565108:29569513:+	2	1
chr22:29568566:29569513:+	1	1
chr22:29572167:29735356:+	4	1
chr22:29572753:29589590:-	1	1
chr22:29573843:29615087:+	1	1
chr22:29589388:29594704:+	1	1
chr22:29608374:29617023:+	1	1
chr22:29610541:29611424:+	1	1
chr22:29639911:29677808:-	1	1
chr22:29640362:29666162:-	1	1
chr22:29656494:29662248:-	1	1
chr22:29674942:29678195:+	1	1
chr22:29685407:29685571:-	1	1
chr22:29737264:29774740:+	1	1
chr22:29741764:29771731:-	2	1
chr22:29759983:29765651:-	1	1
chr22:29763438:29763790:-	1	1
chr22:29767549:29769677:+	1	1
chr22:29776700:29795337:-	1	1
chr22:29789185:29790468:-	1	1
chr22:29794134:29864039:-	2	1
chr22:29807768:29821857:+	1	1
chr22:29822465:29825086:-	1	1
chr22:29841636:29849431:+	1	1
chr22:29847680:29852297:+	1	1
chr22:29878546:29884676:-	1	1
chr22:29906417:29931490:-	1	1
chr22:30019082:30057296:-	1	1
chr22:30022698:30025629:+	1	1
chr22:30039696:30041425:+	1	1
chr22:30052797:30055504:+	1	1
chr22:30067804:30099673:+	1	1
chr22:30073811:30085246:+	1	1
chr22:30089512:30096626:-	2	1
chr22:30089512:30109183:-	1	1
chr22:30091497:30141228:-	1	1
chr22:30103991:30217152:-	3	1
chr22:30148745:30227234:-	2	1
chr22:30162823:30177799:-	2	1
chr22:30181311:30206161:+	1	1
chr22:30206314:30220239:-	1	1
chr22:30239954:30282059:-	1	0
chr22:30316969:30364267:+	1	1
chr22:30340813:30341691:-	1	1
chr22:30346520:30352950:-	1	1
chr22:30371998:30394540:+	1	1
chr22:30401546:30405758:-	1	1
chr22:30407604:30409186:+	1	1
chr22:30442889:30447381:+	3	1
chr22:30484385:30489382:+	1	1
chr22:30497400:30517758:-	1	1
chr22:30521288:30526602:-	1	1
chr22:30524640:30529706:+	1	1
chr22:30535825:30545508:-	1	1
chr22:30548672:30595294:-	1	1
chr22:30567416:30567960:+	1	1
chr22:30578999:30579136:-	1	1
chr22:30581409:30581527:-	1	1
chr22:30584718:30587285:-	1	1
chr22:30596430:30599141:-	1	1
chr22:30600238:30650235:+	1	1
chr22:30611753:30651524:-	2	1
chr22:30629537:30638657:-	1	1
chr22:30640980:30642874:-	1	1
chr22:30653546:30689027:+	1	1
chr22:30676324:30760456:+	3	1
chr22:30682667:30710692:-	1	1
chr22:30683557:30715678:+	1	1
chr22:30697422:30716580:+	1	1
chr22:30711630:30729392:-	1	1
chr22:30735808:30746577:-	1	1
chr22:30746715:30749831:-	1	1
chr22:30756264:30778306:-	1	1
chr22:30766177:30772207:+	1	1
chr22:30781163:30812039:+	1	1
chr22:30792188:30815021:-	1	1
chr22:30835051:30846387:+	1	1
chr22:30840150:30888600:+	1	1
chr22:30924413:30924544:-	1	1
chr22:30933031:30933465:-	1	1
chr22:30946450:30949751:-	1	1
chr22:30948617:31060233:-	3	1
chr22:30985392:31032702:+	1	1
chr22:31017099:31017244:+	1	1
chr22:31046750:31071395:+	1	1
chr22:31048654:31305196:+	5	1
chr22:31051478:31051743:-	1	1
chr22:31056384:31071372:-	1	1
chr22:31057671:31068331:-	1	1
chr22:31088607:31088698:+	1	1
chr22:31095456:31095533:+	1	1
chr22:31095610:31096732:+	1	1
chr22:31099897:31100884:+	2	1
chr22:31105129:31105207:-	1	1
chr22:31105966:31107376:-	1	1
chr22:31116413:31120549:-	1	1
chr22:31145905:31159939:-	1	1
chr22:31152548:31228771:-	2	1
chr22:31158505:31227962:-	2	1
chr22:31159792:31168989:-	1	1
chr22:31163828:31169700:-	1	1
chr22:31174562:31190310:+	1	1
chr22:31223195:31264911:+	1	1
chr22:31236853:31237499:+	1	1
chr22:31244459:31244931:-	1	1
chr22:31264001:31280633:+	1	1
chr22:31266133:31266983:+	1	1
chr22:31272705:31273451:+	1	1
chr22:31273508:31275150:+	1	1
chr22:31281401:31323514:-	1	1
chr22:31292896:31313073:+	3	1
chr22:31293334:31334866:+	1	1
chr22:31317303:31366957:+	1	1
chr22:31320146:31354477:-	2	1
chr22:31330439:31401925:-	3	1
chr22:31339911:31356828:+	1	1
chr22:31349723:31363619:-	1	1
chr22:31363664:31405851:+	1	1
chr22:31374667:31385812:-	1	1
chr22:31383114:31397546:-	1	1
chr22:31384512:31385835:-	1	1
chr22:31386961:31393880:+	1	1
chr22:31389087:31397242:-	1	1
chr22:31406103:31419050:+	1	1
chr22:31406145:31431177:+	1	1
chr22:31411082:31420255:+	1	1
chr22:31413781:31438889:+	1	1
chr22:31429253:31456351:+	1	1
chr22:31441167:31466323:-	1	1
chr22:31443915:31448003:-	1	1
chr22:31463968:31468174:-	2	1
chr22:31472518:31510682:-	1	1
chr22:31487706:31527756:-	1	1
chr22:31501075:31502651:+	1	1
chr22:31513666:31524882:-	1	1
chr22:31519966:31556380:-	1	1
chr22:31521846:31560783:-	1	1
chr22:31531130:31546860:+	1	1
chr22:31540396:31553469:-	1	1
chr22:31548707:31558289:+	1	1
chr22:31550027:31566188:+	1	1
chr22:31569775:31643735:-	2	1
chr22:31571456:31579102:+	1	1
chr22:31571456:31581431:+	1	1
chr22:31580365:31583874:+	1	1
chr22:31591905:31592361:-	1	1
chr22:31593191:31593579:-	1	1
chr22:31607156:31657127:-	1	1
chr22:31626017:31630803:-	1	1
chr22:31634921:31719157:-	2	0
chr22:31641061:31658541:+	1	1
chr22:31642885:31665908:-	1	1
chr22:31652808:31653751:+	1	1
chr22:31656067:31668706:+	1	1
chr22:31672738:31725787:+	1	1
chr22:31673156:31675924:+	1	1
chr22:31686697:31692917:+	1	1
chr22:31687181:31703093:+	1	1
chr22:31687497:31703093:+	2	1
chr22:31692481:31725571:-	1	1
chr22:31694017:31705739:-	1	1
chr22:31694151:31735927:-	1	1
chr22:31710100:31757922:-	1	1
chr22:31729943:31769826:+	1	1
chr22:31735928:31751836:-	2	1
chr22:31742645:31759825:+	1	1
chr22:31743177:31751836:-	1	1
chr22:31761904:31771655:+	1	1
chr22:31786179:31800898:-	2	1
chr22:31795553:31796259:-	1	1
chr22:31798657:31802703:+	1	1
chr22:31804916:31806121:+	1	1
chr22:31810785:31842934:+	1	1
chr22:31819226:31821501:+	1	1
chr22:31843143:31881708:+	1	1
chr22:31845238:31846833:+	1	1
chr22:31849772:31865487:-	1	1
chr22:31855196:31889770:-	1	1
chr22:31878963:31887354:+	1	1
chr22:31885600:31909773:-	1	1
chr22:31913975:31921953:+	2	1
chr22:31922252:31934830:+	1	1
chr22:31955460:31979444:-	5	1
chr22:31963465:31968524:-	1	1
chr22:31969624:31969763:+	1	1
chr22:31972098:32006722:+	1	1
chr22:31981364:32070420:-	11	1
chr22:31985856:31997748:-	1	1
chr22:31986915:32009744:-	1	1
chr22:31999542:32033180:-	1	1
chr22:32036618:32060776:-	1	1
chr22:32050015:32066934:+	1	1
chr22:32086328:32091611:+	1	1
chr22:32088583:32114528:-	1	1
chr22:32123439:32157246:+	1	1
chr22:32148079:32188045:-	1	1
chr22:32228478:32265775:+	1	1
chr22:32257589:32299998:+	1	1
chr22:32349282:32388078:-	1	1
chr22:32381850:32427728:-	1	1
chr22:32394003:32395025:-	1	1
chr22:32394138:32416105:+	1	1
chr22:32396250:32397940:-	1	1
chr22:32399760:32401746:-	1	1
chr22:32419681:32420192:-	1	1
chr22:32439641:32448093:+	1	1
chr22:32470531:32501223:-	1	1
chr22:32470655:32501354:+	1	1
chr22:32493282:32495492:+	1	1
chr22:32546474:32589082:-	1	1
chr22:32583623:32597291:-	1	1
chr22:32612605:32643854:+	2	1
chr22:32620996:32630259:+	1	1
chr22:32640636:32641377:+	2	1
chr22:32671316:32671460:-	1	1
chr22:32825701:32839152:+	1	1
chr22:32965075:32993569:-	1	1
chr22:32995127:33041045:+	1	1
chr22:33001741:33045455:-	1	1
chr22:33005139:33040876:+	1	1
chr22:33023639:33027519:-	1	1
chr22:33050269:33053209:+	1	1
chr22:33079421:33102364:+	1	1
chr22:33087502:33172898:+	2	1
chr22:33139220:33155155:+	1	1
chr22:33155014:33157004:-	1	1
chr22:33155578:33155615:+	1	1
chr22:33172232:33181826:-	1	1
chr22:33212708:33220519:+	1	1
chr22:33233849:33242913:+	1	1
chr22:33245784:33257398:-	1	1
chr22:33252501:33319402:-	2	1
chr22:33277256:33283201:-	1	1
chr22:33354629:33394944:+	1	1
chr22:33393801:33394255:+	1	1
chr22:33413553:33445737:-	1	1
chr22:33497354:33510864:+	1	1
chr22:33539829:33546832:-	1	1
chr22:33542026:33573315:-	1	1
chr22:33545815:33586951:-	2	1
chr22:33586706:33593291:-	1	1
chr22:33645229:33655824:-	1	1
chr22:33819386:33829110:-	1	1
chr22:33854247:33901190:-	1	1
chr22:33900983:33934655:+	1	1
chr22:33903567:33934460:-	1	1
chr22:33905318:33913657:-	3	1
chr22:33916068:33962743:+	2	1
chr22:34033949:34232549:-	3	1
chr22:34087834:34088482:-	1	1
chr22:34229388:34270691:-	2	1
chr22:34360482:34393447:-	1	1
chr22:34366827:34387538:+	1	1
chr22:34366929:34387643:+	2	1
chr22:34378865:34478504:-	2	1
chr22:34443006:34443201:+	1	1
chr22:34560435:34572369:-	1	1
chr22:34621365:34642278:-	1	1
chr22:34624228:34624865:+	1	1
chr22:34644700:34649519:-	1	1
chr22:34684689:34684805:+	1	1
chr22:34758834:34856248:+	2	1
chr22:34782327:34786981:+	1	1
chr22:34822066:34847102:-	1	1
chr22:34848977:34877299:-	1	1
chr22:34926609:34938149:+	1	1
chr22:34934060:34952157:-	2	1
chr22:34952559:34970640:-	1	1
chr22:35025206:35056102:-	2	1
chr22:35071778:35255215:+	3	1
chr22:35088585:35110927:-	1	1
chr22:35102118:35112619:-	1	1
chr22:35170081:35188914:-	1	1
chr22:35232163:35246324:+	1	1
chr22:35240725:35240866:-	1	1
chr22:35255488:35269950:-	1	1
chr22:35263227:35263795:+	2	1
chr22:35272705:35275647:+	1	1
chr22:35272709:35289231:+	1	1
chr22:35300888:35340627:+	1	1
chr22:35352201:35357267:+	2	1
chr22:35363589:35382888:-	1	1
chr22:35385711:35398046:+	1	1
chr22:35390120:35431008:-	1	1
chr22:35413987:35415828:+	1	1
chr22:35420013:35421317:+	1	1
chr22:35421461:35423213:+	2	1
chr22:35429129:35443329:+	1	1
chr22:35447698:35456669:-	1	1
chr22:35450029:35456683:-	1	1
chr22:35461509:35466508:-	2	1
chr22:35465868:35469016:-	1	1
chr22:35466452:35470033:+	1	1
chr22:35468625:35484457:+	1	1
chr22:35497159:35507741:-	1	1
chr22:35507884:35532449:+	1	1
chr22:35550383:35557315:+	1	1
chr22:35600928:35629566:+	1	1
chr22:35635676:35675602:-	1	1
chr22:35648624:35656378:+	1	1
chr22:35656476:35658614:+	2	1
chr22:35714211:35732723:-	1	1
chr22:35715635:35763551:-	1	1
chr22:35730481:35794516:+	2	1
chr22:35747128:35753769:+	1	1
chr22:35764604:35803522:-	1	1
chr22:35778079:35781599:-	1	1
chr22:35810224:35817116:-	1	1
chr22:35886185:35930017:-	1	1
chr22:35940514:35952723:-	1	1
chr22:36012997:36014342:-	1	1
chr22:36034873:36041678:-	1	1
chr22:36039071:36070724:+	1	1
chr22:36046839:36057895:-	1	1
chr22:36052144:36064878:+	1	1
chr22:36052545:36071396:+	1	1
chr22:36054470:36075194:+	1	1
chr22:36058025:36072918:+	1	1
chr22:36058753:36069776:-	1	1
chr22:36071520:36122234:-	2	1
chr22:36075172:36102578:+	1	1
chr22:36079736:36083115:+	1	1
chr22:36081707:36106690:-	1	1
chr22:36081736:36086736:+	1	1
chr22:36082232:36088202:-	1	1
chr22:36082304:36082614:-	1	1
chr22:36088831:36089140:-	1	1
chr22:36122618:36158621:-	1	1
chr22:36233242:36233401:-	1	1
chr22:36240418:36288876:+	1	1
chr22:36255000:36257082:+	1	1
chr22:36257137:36257318:+	4	1
chr22:36275972:36280022:-	1	1
chr22:36276688:36280085:+	1	1
chr22:36284266:36284402:-	2	1
chr22:36285330:36285657:-	5	1
chr22:36285782:36285864:-	4	1
chr22:36285954:36286717:-	2	1
chr22:36286847:36288251:-	3	1
chr22:36288414:36288726:-	2	1
chr22:36288940:36289084:-	1	1
chr22:36289298:36291985:-	2	1
chr22:36293482:36293758:-	1	1
chr22:36295077:36295504:-	2	1
chr22:36295718:36296842:-	2	1
chr22:36296366:36308395:+	1	1
chr22:36297015:36298918:-	3	1
chr22:36299043:36300126:-	1	1
chr22:36300265:36300850:-	5	1
chr22:36301666:36302567:-	1	1
chr22:36302677:36303994:-	1	1
chr22:36304156:36305032:-	1	1
chr22:36306052:36306413:-	1	1
chr22:36312223:36314144:-	1	1
chr22:36316670:36318206:-	1	1
chr22:36318326:36319539:-	2	1
chr22:36319636:36320219:-	2	1
chr22:36320364:36320797:-	1	1
chr22:36321822:36322428:-	1	1
chr22:36326662:36327460:-	4	1
chr22:36327489:36341369:-	2	1
chr22:36341527:36348903:-	5	1
chr22:36349256:36387806:-	2	1
chr22:36358276:36395810:+	1	1
chr22:36378180:36384486:+	1	1
chr22:36381302:36384369:+	1	1
chr22:36384409:36400728:-	1	1
chr22:36384434:36391045:-	1	1
chr22:36391136:36412511:+	1	1
chr22:36396831:36407482:+	1	1
chr22:36418422:36463829:-	1	1
chr22:36444284:36454206:-	1	1
chr22:36452179:36454421:+	1	1
chr22:36453124:36468632:+	1	1
chr22:36467918:36476732:-	1	1
chr22:36468811:36490924:+	1	1
chr22:36472870:36473562:+	1	1
chr22:36478828:36510266:+	1	1
chr22:36492063:36503521:+	1	1
chr22:36500056:36501715:-	2	1
chr22:36500807:36500977:-	2	1
chr22:36511787:36512459:-	1	1
chr22:36512603:36516477:-	2	1
chr22:36516791:36517300:-	2	1
chr22:36520689:36523208:-	1	1
chr22:36542683:36552820:-	1	1
chr22:36606934:36647862:+	1	1
chr22:36630966:36718416:+	2	1
chr22:36652953:36692869:+	1	1
chr22:36680091:36680201:-	1	1
chr22:36710584:36749270:+	1	1
chr22:36825001:36832711:+	1	1
chr22:36876738:36966360:-	2	1
chr22:36877368:36887110:-	1	1
chr22:37028646:37041331:+	1	1
chr22:37073766:37117663:-	1	1
chr22:37104743:37130948:-	1	1
chr22:37211044:37229842:-	1	1
chr22:37294725:37295998:+	1	1
chr22:37382536:37445989:-	3	1
chr22:37504302:37504634:-	1	1
chr22:37505457:37535283:+	1	1
chr22:37522218:37622192:-	2	1
chr22:37533034:37549307:-	1	1
chr22:37542711:37565560:-	2	1
chr22:37543390:37543526:-	1	1
chr22:37543717:37591295:-	1	1
chr22:37554934:37555886:+	1	1
chr22:37560589:37566071:+	1	1
chr22:37572628:37587405:+	1	1
chr22:37603667:37607721:-	1	1
chr22:37610692:37625769:-	1	1
chr22:37635959:37683516:+	1	1
chr22:37643175:37643643:+	2	1
chr22:37644961:37645364:+	1	1
chr22:37679614:37705729:-	1	1
chr22:37700392:37703753:-	1	1
chr22:37715935:37723184:+	1	1
chr22:37778594:37816775:+	1	1
chr22:37787664:37797431:+	1	1
chr22:37826841:37850201:+	1	1
chr22:37835844:37878938:+	10	1
chr22:37855645:37858678:+	2	1
chr22:37858741:37862968:+	1	1
chr22:37859615:37874975:-	2	1
chr22:37868203:37908388:-	1	1
chr22:37870348:37874369:+	3	1
chr22:37878172:37886764:+	1	1
chr22:37885111:37923122:+	1	1
chr22:37900186:37904062:-	1	1
chr22:37902486:37951958:+	1	1
chr22:37924718:37925660:+	2	1
chr22:37946434:37950911:-	1	1
chr22:37947531:37949304:+	1	1
chr22:37956191:37964673:+	1	1
chr22:37978958:37992579:+	1	1
chr22:38085376:38085685:-	1	1
chr22:38087265:38088747:-	1	1
chr22:38098180:38098410:-	1	1
chr22:38109108:38150812:-	1	1
chr22:38140424:38162122:-	2	1
chr22:38171286:38177458:-	1	1
chr22:38171757:38176980:+	1	1
chr22:38179547:38216945:+	1	1
chr22:38246101:38247769:-	1	1
chr22:38254994:38286239:+	1	1
chr22:38285806:38289298:+	1	1
chr22:38289221:38321973:-	2	1
chr22:38293320:38294108:-	1	1
chr22:38294535:38298785:-	1	1
chr22:38307183:38329817:+	1	1
chr22:38317908:38337213:+	2	1
chr22:38321603:38323912:+	1	1
chr22:38339999:38389713:+	1	1
chr22:38437872:38438007:+	1	1
chr22:38439634:38447922:+	2	1
chr22:38488116:38492055:-	1	1
chr22:38492116:38493709:-	1	1
chr22:38493772:38494020:-	1	1
chr22:38495047:38495795:-	3	1
chr22:38498151:38498439:-	1	1
chr22:38498574:38499399:-	1	1
chr22:38499500:38501129:-	3	1
chr22:38500708:38511024:-	1	1
chr22:38501281:38505950:-	2	1
chr22:38515703:38524317:+	1	1
chr22:38527822:38541041:-	1	1
chr22:38532811:38547088:+	1	1
chr22:38544865:38545653:-	1	1
chr22:38551608:38593969:+	1	1
chr22:38558488:38584540:+	1	1
chr22:38621156:38639755:+	1	1
chr22:38627001:38631071:+	1	1
chr22:38636914:38651639:+	1	1
chr22:38649654:38662088:+	1	1
chr22:38662974:38674053:+	1	1
chr22:38674093:38676200:+	2	1
chr22:38682096:38682322:+	2	1
chr22:38688002:38688934:-	2	1
chr22:38738755:38738872:-	2	1
chr22:38739427:38739721:-	2	1
chr22:38740433:38741006:-	1	1
chr22:38752666:38755762:-	1	1
chr22:38807428:38807732:+	1	1
chr22:38827377:38838724:+	1	1
chr22:38871547:38871691:-	1	1
chr22:38881036:38896095:+	1	1
chr22:38883501:38928673:-	1	1
chr22:38905590:38944792:+	1	1
chr22:38908969:38917179:+	1	1
chr22:38922337:38971664:-	1	1
chr22:38970476:38985208:-	2	1
chr22:38986413:38989456:+	1	1
chr22:39016141:39056371:+	1	1
chr22:39059422:39067227:-	1	1
chr22:39085823:39100108:+	1	1
chr22:39101187:39116468:-	1	1
chr22:39106096:39164368:-	3	1
chr22:39116593:39126222:+	1	1
chr22:39127858:39128160:-	1	1
chr22:39143190:39159920:+	1	1
chr22:39146342:39163210:-	1	1
chr22:39157307:39203091:+	1	1
chr22:39159232:39181342:-	1	1
chr22:39159722:39160711:-	1	1
chr22:39159844:39190640:+	2	1
chr22:39212266:39227053:+	1	1
chr22:39230229:39231621:-	1	1
chr22:39231828:39233434:-	3	1
chr22:39243294:39272181:-	1	1
chr22:39248015:39273820:+	1	1
chr22:39285946:39305123:-	1	1
chr22:39312985:39313190:-	16	1
chr22:39313311:39313633:-	4	1
chr22:39313730:39314106:-	9	1
chr22:39314209:39314685:-	10	1
chr22:39314847:39315368:-	6	1
chr22:39315556:39316705:-	7	1
chr22:39316842:39317460:-	2	1
chr22:39317630:39318399:-	2	1
chr22:39337670:39373250:-	1	1
chr22:39384911:39393361:+	1	1
chr22:39386308:39387704:+	1	1
chr22:39415654:39416790:+	1	1
chr22:39455360:39464521:-	1	1
chr22:39463857:39484953:+	1	1
chr22:39496963:39513243:+	1	1
chr22:39520752:39521353:+	2	1
chr22:39541588:39585808:-	1	1
chr22:39644744:39690100:+	1	1
chr22:39794668:39804349:+	3	1
chr22:39807924:39849484:-	1	1
chr22:39812897:39823458:-	1	1
chr22:39962326:39982467:+	1	1
chr22:40000022:40025135:-	1	1
chr22:40074670:40078414:-	1	1
chr22:40097717:40109687:+	1	1
chr22:40113098:40146123:-	1	1
chr22:40131016:40142172:-	1	1
chr22:40145584:40149544:-	1	1
chr22:40164896:40196272:-	1	1
chr22:40182160:40186648:+	1	1
chr22:40183878:40185172:+	1	1
chr22:40192109:40228772:-	1	1
chr22:40246103:40251178:+	2	1
chr22:40251201:40261831:+	1	1
chr22:40253682:40278278:+	1	1
chr22:40258035:40262752:+	1	1
chr22:40261210:40291301:-	2	1
chr22:40273690:40287035:+	1	1
chr22:40292155:40319218:-	1	1
chr22:40297752:40333283:+	1	1
chr22:40312652:40312901:+	1	1
chr22:40312998:40315282:+	2	1
chr22:40341831:40356772:+	1	1
chr22:40353889:40373743:+	1	1
chr22:40354328:40358863:+	1	1
chr22:40356279:40400529:+	1	1
chr22:40380418:40454845:+	2	1
chr22:40400814:40401592:+	1	1
chr22:40405285:40405648:+	1	1
chr22:40407072:40407200:+	1	1
chr22:40407329:40407412:+	1	1
chr22:40408843:40408932:+	2	1
chr22:40409526:40409681:+	1	1
chr22:40421101:40423535:-	1	1
chr22:40432121:40444941:-	1	1
chr22:40535589:40576266:+	1	1
chr22:40550001:40590624:+	1	1
chr22:40552526:40554419:-	2	1
chr22:40584936:40630206:-	1	1
chr22:40588305:40610325:+	2	1
chr22:40599053:40600734:-	2	1
chr22:40600475:40647367:-	1	1
chr22:40634231:40683936:+	1	1
chr22:40640979:40647966:+	1	1
chr22:40647412:40741656:-	2	1
chr22:40661507:40664312:-	1	1
chr22:40688802:40711394:-	1	1
chr22:40689711:40711307:+	1	1
chr22:40691307:40698588:-	1	1
chr22:40736767:40744030:-	1	1
chr22:40750108:40799138:-	1	1
chr22:40757702:40773313:+	1	1
chr22:40764308:40810371:+	1	1
chr22:40777136:40777227:-	1	1
chr22:40793155:40796357:+	1	1
chr22:40794581:40821321:-	1	1
chr22:40800513:40810595:-	1	1
chr22:40803208:40810595:-	1	1
chr22:40809555:40813460:-	1	1
chr22:40810217:40841779:+	1	1
chr22:40830957:40832568:-	2	1
chr22:40832672:40835559:-	1	1
chr22:40834084:40882443:-	1	1
chr22:40844910:40848293:-	1	1
chr22:40848370:40850822:-	2	1
chr22:40850881:40856430:-	1	1
chr22:40852731:40890271:+	1	1
chr22:40870904:40891394:-	1	1
chr22:40896278:40989090:-	2	1
chr22:40912664:40918166:+	1	1
chr22:40918249:40957219:-	1	1
chr22:40938591:41034976:-	2	1
chr22:40953634:40964046:+	1	1
chr22:40957206:40969247:+	1	1
chr22:40957220:40963723:-	1	1
chr22:40964118:40967798:+	2	1
chr22:40967885:40972475:+	2	1
chr22:40985450:41005843:-	1	1
chr22:40989965:41017603:+	1	1
chr22:40997652:40999495:+	1	1
chr22:41001109:41046706:-	1	1
chr22:41012948:41059626:+	1	1
chr22:41020112:41025387:-	1	1
chr22:41024106:41034096:+	1	1
chr22:41024205:41070020:+	1	1
chr22:41024296:41040471:+	1	1
chr22:41039671:41051539:+	2	1
chr22:41040457:41054822:+	1	1
chr22:41041721:41050974:+	4	1
chr22:41071868:41077521:-	1	1
chr22:41084389:41109895:-	1	1
chr22:41093099:41117186:+	1	1
chr22:41106809:41108330:-	1	1
chr22:41113622:41120793:-	1	1
chr22:41117822:41125863:+	1	1
chr22:41131634:41135812:+	1	1
chr22:41135552:41138322:-	1	1
chr22:41141926:41146415:-	1	1
chr22:41150199:41151832:+	1	1
chr22:41155114:41157168:+	2	1
chr22:41162780:41164052:+	3	1
chr22:41181126:41181953:+	1	1
chr22:41188547:41214777:-	1	1
chr22:41190452:41202508:-	1	1
chr22:41206081:41235966:+	1	1
chr22:41209170:41240153:-	1	1
chr22:41209934:41213892:+	2	1
chr22:41216263:41217122:+	1	1
chr22:41218449:41233397:+	2	1
chr22:41220869:41221198:+	1	1
chr22:41222134:41242530:-	1	1
chr22:41228998:41233201:-	1	1
chr22:41251110:41252871:-	1	1
chr22:41254446:41300808:-	1	1
chr22:41256106:41256190:-	2	1
chr22:41256291:41256710:-	2	1
chr22:41260718:41271564:+	1	1
chr22:41269181:41272622:+	1	1
chr22:41276763:41305131:+	1	1
chr22:41291781:41328006:+	2	1
chr22:41301773:41320654:+	1	1
chr22:41311043:41314885:+	1	1
chr22:41343577:41346002:+	1	1
chr22:41360835:41420296:+	2	1
chr22:41400159:41417442:-	1	1
chr22:41403012:41429165:+	1	1
chr22:41416544:41452675:+	1	1
chr22:41416692:41465815:+	1	1
chr22:41417472:41428089:+	2	1
chr22:41423933:41440690:-	1	1
chr22:41424427:41431028:-	1	1
chr22:41474898:41506551:-	1	1
chr22:41496085:41497918:+	1	1
chr22:41515536:41515766:+	1	1
chr22:41517632:41518480:+	2	1
chr22:41518573:41520170:+	1	1
chr22:41520572:41520874:+	1	1
chr22:41523279:41523829:+	1	1
chr22:41526454:41527287:+	1	1
chr22:41582363:41662984:+	2	1
chr22:41588635:41652644:+	2	1
chr22:41612439:41625233:+	1	1
chr22:41622087:41636112:+	1	1
chr22:41636252:41636515:+	1	1
chr22:41636771:41637607:+	1	1
chr22:41650892:41653528:+	3	1
chr22:41653334:41689907:+	1	1
chr22:41661445:41663621:+	2	1
chr22:41670796:41671410:+	2	1
chr22:41721952:41727005:-	1	1
chr22:41722452:41735115:-	1	1
chr22:41730333:41773587:+	1	1
chr22:41735044:41735313:-	2	1
chr22:41740048:41756496:-	1	1
chr22:41761094:41802551:-	1	1
chr22:41766635:41778076:-	1	1
chr22:41768272:41779344:-	1	1
chr22:41781846:41784338:+	1	1
chr22:41798654:41805716:+	1	1
chr22:41803106:41816916:-	1	1
chr22:41852851:41856221:+	2	1
chr22:41868793:41870888:+	1	1
chr22:41877422:41877941:+	1	1
chr22:41880993:41884841:+	3	1
chr22:41896600:41911207:-	1	1
chr22:41938546:42016144:+	2	1
chr22:41986675:42008372:+	2	1
chr22:41989056:42004388:+	1	1
chr22:42005436:42064567:-	2	1
chr22:42025334:42025363:+	1	1
chr22:42040049:42053597:-	1	1
chr22:42069384:42094813:+	1	1
chr22:42069457:42267358:-	3	1
chr22:42086315:42087059:-	1	1
chr22:42088651:42101039:+	1	1
chr22:42092306:42095570:-	1	1
chr22:42099116:42131011:+	1	1
chr22:42161941:42233063:+	2	1
chr22:42179703:42209650:-	1	1
chr22:42205919:42261865:-	3	1
chr22:42231037:42267575:-	3	1
chr22:42247222:42261775:-	1	1
chr22:42323205:42338748:-	1	1
chr22:42355312:42377530:-	1	1
chr22:42375731:42382217:+	2	1
chr22:42394069:42398445:-	1	1
chr22:42468678:42513174:-	1	1
chr22:42494045:42517032:-	1	1
chr22:42495344:42508187:+	1	1
chr22:42516398:42565065:-	1	1
chr22:42522977:42534089:+	1	1
chr22:42547650:42589734:-	1	1
chr22:42583587:42596787:+	1	1
chr22:42596845:42639315:-	1	1
chr22:42607734:42607813:+	1	1
chr22:42622165:42657363:-	1	1
chr22:42623531:42661799:+	1	1
chr22:42633706:42670845:-	1	1
chr22:42661188:42667815:-	1	1
chr22:42668609:42676789:-	1	1
chr22:42674782:42690761:-	1	1
chr22:42727841:42769689:+	1	1
chr22:42737345:42749857:+	1	1
chr22:42746135:42779929:+	1	1
chr22:42753639:42778909:-	1	1
chr22:42758068:42789825:-	1	1
chr22:42759784:42779640:-	1	1
chr22:42770888:42780870:-	1	1
chr22:42776098:42783252:-	1	1
chr22:42783283:42808170:+	1	1
chr22:42788913:42832300:+	1	1
chr22:42799161:42807072:-	2	1
chr22:42804616:42852596:+	1	1
chr22:42834326:42835361:-	1	1
chr22:42852442:42859816:-	1	1
chr22:42865021:42886629:-	2	0
chr22:42868223:42898414:+	1	1
chr22:42877011:42879047:-	1	1
chr22:42879170:42882183:-	1	1
chr22:42919983:42926706:-	1	1
chr22:42924900:42952805:+	1	1
chr22:42926812:43139328:-	1	1
chr22:42926812:43177170:-	296	1
chr22:42987928:43049215:+	2	1
chr22:42988976:43029881:-	1	1
chr22:43016405:43019307:-	1	1
chr22:43019292:43056659:-	1	1
chr22:43037597:43049536:-	2	1
chr22:43038714:43077899:+	1	1
chr22:43048253:43057204:+	1	1
chr22:43049459:43066923:+	1	1
chr22:43054545:43058814:-	1	1
chr22:43055287:43058822:+	1	1
chr22:43056985:43072497:+	1	1
chr22:43063922:43064189:-	1	1
chr22:43082489:43091091:+	1	1
chr22:43083587:43084413:+	1	1
chr22:43109253:43135222:+	1	1
chr22:43124184:43127696:+	1	1
chr22:43140439:43143819:+	1	1
chr22:43141730:43148441:-	1	1
chr22:43144826:43145489:-	2	1
chr22:43161191:43162802:+	1	1
chr22:43180941:43182979:-	2	1
chr22:43190718:43219632:-	1	1
chr22:43273706:43299735:+	1	1
chr22:43318448:43358695:+	1	1
chr22:43348504:43372173:-	1	1
chr22:43348846:43382319:-	1	1
chr22:43375712:43376506:-	1	1
chr22:43504881:43504976:+	1	1
chr22:43523214:43523235:+	1	1
chr22:43550690:43569163:+	1	1
chr22:43578351:43617866:+	1	1
chr22:43818510:43839516:-	2	1
chr22:43865989:43892948:-	1	1
chr22:43896947:43986671:-	2	1
chr22:43899034:43942816:-	2	1
chr22:43927239:43967961:-	1	1
chr22:43942823:43986671:-	1	1
chr22:43950760:44127928:+	3	1
chr22:43955599:43963285:+	1	1
chr22:43963397:43964451:+	1	1
chr22:43966404:44014893:-	1	1
chr22:43977959:43981390:+	1	1
chr22:44013911:44021060:+	1	1
chr22:44021032:44033290:-	1	1
chr22:44036847:44037212:-	1	1
chr22:44037327:44045157:+	3	1
chr22:44037327:44064607:+	2	1
chr22:44077961:44110727:+	1	1
chr22:44120980:44135394:+	1	1
chr22:44166414:44171402:+	1	1
chr22:44198723:44205756:+	1	1
chr22:44207601:44241120:-	1	1
chr22:44241147:44243020:-	1	1
chr22:44451887:44464620:-	1	1
chr22:44524797:44533289:-	1	1
chr22:44533888:44548139:+	1	1
chr22:44593343:44642861:+	1	1
chr22:44594874:44649971:+	2	1
chr22:44603201:44623086:+	1	1
chr22:44646564:44655150:-	1	1
chr22:44649763:44655042:+	1	1
chr22:44672372:44688774:+	1	1
chr22:44709594:44724175:-	1	1
chr22:44736027:44748087:-	1	1
chr22:44738891:44767759:+	1	1
chr22:44741047:44758190:-	1	1
chr22:44749411:44749909:+	1	1
chr22:44757165:44770654:-	1	1
chr22:44772371:44777880:+	1	1
chr22:44772426:44773052:+	1	1
chr22:44773033:44773806:-	1	1
chr22:44787434:44818784:-	1	1
chr22:44788625:44789381:-	1	1
chr22:44802165:44808306:+	1	1
chr22:44806695:44808703:-	1	1
chr22:44818310:44831423:+	1	1
chr22:44821305:44829165:-	3	1
chr22:44830474:44832369:+	1	1
chr22:44836264:44858399:-	1	1
chr22:44952083:44976045:-	2	1
chr22:45015479:45022445:+	1	1
chr22:45019839:45033723:+	1	1
chr22:45060693:45088265:-	1	1
chr22:45066094:45102622:+	1	1
chr22:45066126:45089580:-	1	1
chr22:45161151:45161862:+	1	1
chr22:45171684:45175893:+	1	1
chr22:45178901:45181285:+	2	1
chr22:45181368:45183401:+	1	1
chr22:45203986:45205216:-	1	1
chr22:45247401:45277224:+	2	1
chr22:45248430:45257087:+	1	1
chr22:45257036:45288610:+	1	1
chr22:45259325:45283041:-	1	1
chr22:45326848:45343457:+	1	1
chr22:45330049:45416453:+	5	1
chr22:45394251:45479890:+	2	1
chr22:45418212:45466791:+	1	1
chr22:45464820:45468813:-	3	1
chr22:45513876:45530845:-	1	1
chr22:45519390:45519938:+	1	1
chr22:45525679:45527846:+	1	1
chr22:45531325:45533062:+	3	1
chr22:45535338:45541228:+	1	1
chr22:45542284:45543400:+	2	1
chr22:45543527:45547084:+	1	1
chr22:45548745:45550491:+	2	1
chr22:45550616:45562911:+	1	1
chr22:45599903:45644243:+	1	1
chr22:45606277:45626121:+	2	1
chr22:45635883:45646865:+	1	0
chr22:45646881:45655170:+	1	1
chr22:45660485:45699928:-	1	1
chr22:45672180:45689711:+	2	1
chr22:45700379:45702688:+	2	1
chr22:45773573:45788764:-	1	1
chr22:45991739:46005209:-	1	1
chr22:46002501:46016350:+	1	1
chr22:46138853:46146268:+	1	1
chr22:46182872:46210569:+	1	1
chr22:46202563:46223775:-	1	1
chr22:46207872:46212243:+	1	1
chr22:46220474:46227410:-	1	1
chr22:46237528:46276627:+	1	1
chr22:46245239:46247124:-	1	1
chr22:46300186:46313596:-	1	1
chr22:46301936:46327478:-	1	1
chr22:46306624:46315031:+	1	1
chr22:46308208:46308318:+	1	1
chr22:46325578:46339231:-	1	1
chr22:46326655:46328687:+	1	1
chr22:46334164:46342571:-	1	1
chr22:46423391:46423753:-	1	1
chr22:46437618:46476490:+	1	1
chr22:46498397:46544549:+	2	1
chr22:46529543:46554029:-	1	1
chr22:46529629:46561266:-	1	1
chr22:46540072:46585382:+	1	1
chr22:46547162:46555601:-	1	1
chr22:46596732:46641479:+	1	1
chr22:46668909:46672842:+	1	1
chr22:46675553:46676599:+	1	1
chr22:46699964:46714145:-	1	1
chr22:46711827:46730295:-	1	1
chr22:46712004:46716720:-	2	1
chr22:46712294:46720085:-	1	1
chr22:46762007:46768189:+	1	1
chr22:46768437:46769045:+	1	1
chr22:46797621:46878652:+	2	1
chr22:47111604:47173497:+	1	1
chr22:47321553:47361906:-	1	1
chr22:47471253:47480542:-	1	1
chr22:47541174:47579718:+	1	1
chr22:47564296:47712074:+	3	1
chr22:47620347:47637594:-	1	1
chr22:47841562:47878770:-	1	1
chr22:47863340:47903867:-	1	1
chr22:48008736:48008789:-	1	1
chr22:48113316:48142957:+	1	1
chr22:48122569:48128151:+	1	1
chr22:48150058:48152664:+	1	1
chr22:48295460:48298522:+	1	1
chr22:48365469:48401754:+	1	1
chr22:48378723:48386890:+	1	1
chr22:48435231:48469002:+	1	1
chr22:48469125:48502664:+	1	1
chr22:48576572:48646596:+	1	1
chr22:48788716:48790346:-	1	1
chr22:48859071:48888168:-	1	1
chr22:49443744:49486857:-	1	1
chr22:49774417:49775590:-	1	1
chr22:49775746:49776049:-	1	1
chr22:49786969:49865549:-	3	1
chr22:49788567:49852493:-	2	1
chr22:49818745:49843458:+	1	1
chr22:49820072:49829576:+	1	1
chr22:49863643:49872062:+	1	1
chr22:49871361:49895526:-	1	1
chr22:49874506:49875684:+	1	1
chr22:49898160:49898548:-	1	1
chr22:49904883:49984723:+	2	1
chr22:49919313:49919729:+	1	1
chr22:49981455:49989204:-	2	1
chr22:50013601:50015571:+	1	1
chr22:50100135:50127915:+	1	1
chr22:50125809:50133561:+	1	1
chr22:50141146:50163437:+	1	1
chr22:50141589:50156364:-	1	1
chr22:50145086:50155618:+	1	1
chr22:50191854:50239278:+	1	1
chr22:50195041:50197240:+	1	1
chr22:50198187:50198344:+	1	1
chr22:50209421:50257406:+	1	1
chr22:50227078:50227906:-	1	1
chr22:50249965:50250062:-	1	1
chr22:50250161:50250426:-	1	1
chr22:50255695:50255809:-	1	1
chr22:50266306:50266539:-	1	1
chr22:50276705:50276841:-	1	1
chr22:50277739:50277852:-	1	1
chr22:50279012:50279629:-	1	1
chr22:50279777:50280004:-	1	1
chr22:50280072:50280488:-	3	1
chr22:50280974:50281088:-	3	1
chr22:50281190:50281359:-	2	1
chr22:50281743:50281853:-	1	1
chr22:50282082:50282183:-	2	1
chr22:50282882:50283049:-	2	1
chr22:50283187:50283336:-	4	1
chr22:50283446:50283601:-	2	1
chr22:50283991:50284131:-	1	1
chr22:50284214:50284572:-	1	1
chr22:50285902:50285989:-	1	1
chr22:50286288:50287110:-	2	1
chr22:50287794:50287936:-	2	1
chr22:50288872:50288959:-	1	1
chr22:50289143:50289516:-	1	1
chr22:50323259:50336849:+	1	1
chr22:50323815:50371721:-	1	1
chr22:50328312:50370715:-	1	1
chr22:50332855:50335900:+	1	1
chr22:50335626:50336098:-	1	1
chr22:50343551:50372019:+	1	1
chr22:50351777:50373384:+	1	1
chr22:50351937:50359494:+	1	1
chr22:50355664:50371779:+	1	1
chr22:50355754:50370519:-	1	1
chr22:50365349:50365870:+	1	1
chr22:50369093:50374759:-	1	1
chr22:50388096:50390566:+	1	1
chr22:50398792:50410003:-	1	1
chr22:50400515:50421640:+	1	1
chr22:50408118:50413193:-	3	1
chr22:50422381:50423461:+	1	1
chr22:50437604:50437842:+	1	1
chr22:50448651:50454511:-	1	1
chr22:50460713:50461158:-	1	1
chr22:50462474:50462558:-	1	1
chr22:50466483:50466604:-	2	1
chr22:50467449:50467531:-	1	1
chr22:50473942:50492129:+	2	1
chr22:50493312:50519570:+	1	1
chr22:50494787:50495195:+	2	1
chr22:50501057:50501383:-	1	1
chr22:50503700:50503807:-	1	1
chr22:50512824:50520531:+	1	1
chr22:50526477:50526575:-	4	1
chr22:50527284:50527587:-	1	1
chr22:50527718:50528511:-	3	1
chr22:50528611:50529135:-	5	1
chr22:50529339:50529495:-	6	1
chr22:50529732:50529903:-	3	1
chr22:50530561:50530711:-	2	1
chr22:50530853:50530936:-	1	1
chr22:50531059:50531190:-	1	1
chr22:50541381:50545078:-	1	1
chr22:50547811:50548029:+	1	1
chr22:50569422:50569575:-	1	1
chr22:50573922:50574334:-	1	1
chr22:50576638:50576856:-	1	1
chr22:50577935:50578548:-	1	1
chr22:50578660:50579035:-	1	1
chr22:50589365:50620233:+	1	1
chr22:50614827:50616615:-	1	1
chr22:50617981:50657060:+	1	1
chr22:50618129:50667745:-	1	1
chr22:50625465:50625578:-	1	1
chr22:50637148:50667604:-	1	1
chr22:50637471:50657508:+	2	1
chr22:50643053:50668815:-	1	1
chr22:50751118:50752186:+	1	1
chr22:50793923:50797605:-	1	1
